"CLIENTNUM","Attrition_Flag","Customer_Age","Gender","Dependent_count","Education_Level","Marital_Status","Income_Category","Card_Category","Months_on_book","Total_Relationship_Count","Months_Inactive_12_mon","Contacts_Count_12_mon","Credit_Limit","Total_Revolving_Bal","Avg_Open_To_Buy","Total_Amt_Chng_Q4_Q1","Total_Trans_Amt","Total_Trans_Ct","Total_Ct_Chng_Q4_Q1","Avg_Utilization_Ratio","Cluster"
769911858,"Existing Customer",40,"F",4,"High School","Unknown","Less than $40K","Blue",34,3,4,1,3313,2517,796,1.405,1171,20,2.333,0.76,"5"
708790833,"Existing Customer",42,"M",5,"Uneducated","Unknown","$120K +","Blue",31,5,3,2,6748,1467,5281,0.831,1201,42,0.68,0.217,"5"
816082233,"Existing Customer",35,"M",3,"Graduate","Unknown","$60K - $80K","Blue",30,5,1,3,8547,1666,6881,1.163,1311,33,2,0.195,"5"
714885258,"Existing Customer",44,"M",4,"Unknown","Unknown","$80K - $120K","Blue",37,5,1,2,4234,972,3262,1.707,1348,27,1.7,0.23,"5"
720466383,"Existing Customer",59,"M",1,"High School","Unknown","$40K - $60K","Blue",46,4,1,2,14784,1374,13410,0.921,1197,23,1.3,0.093,"5"
715190283,"Existing Customer",57,"F",1,"Graduate","Unknown","$40K - $60K","Blue",49,3,3,2,3672,886,2786,1.32,1464,28,0.556,0.241,"5"
717891558,"Existing Customer",49,"F",4,"Graduate","Unknown","Less than $40K","Blue",36,6,4,2,3298,2200,1098,0.678,1052,32,0.6,0.667,"5"
719580033,"Existing Customer",54,"M",1,"Graduate","Unknown","$60K - $80K","Blue",43,4,2,3,2910,2030,880,0.769,1256,21,0.4,0.698,"5"
715156383,"Existing Customer",44,"M",1,"Unknown","Unknown","$120K +","Blue",36,6,2,2,34516,1533,32983,0.924,1603,29,0.526,0.044,"5"
713572683,"Existing Customer",44,"M",3,"High School","Unknown","$60K - $80K","Blue",25,3,3,0,1862,0,1862,0.883,1226,34,0.789,0,"5"
826762908,"Existing Customer",52,"M",3,"High School","Unknown","$80K - $120K","Blue",48,3,2,0,11976,1273,10703,1.024,2089,36,1.118,0.106,"5"
710806083,"Existing Customer",50,"F",1,"Uneducated","Unknown","Less than $40K","Silver",36,4,2,2,11888,2090,9798,0.7,1137,30,0.765,0.176,"5"
717912483,"Existing Customer",43,"M",4,"Graduate","Unknown","$80K - $120K","Blue",27,5,2,0,27259,0,27259,0.731,1376,35,0.591,0,"5"
715872333,"Existing Customer",41,"M",0,"High School","Unknown","$120K +","Blue",36,3,2,3,18214,1998,16216,0.829,1344,21,1.1,0.11,"5"
787541883,"Existing Customer",44,"M",3,"Graduate","Unknown","$80K - $120K","Blue",33,3,3,3,34516,0,34516,0.483,1120,27,0.35,0,"5"
719731458,"Existing Customer",56,"M",3,"Unknown","Unknown","$40K - $60K","Blue",46,6,3,4,2910,709,2201,0.538,1192,27,0.588,0.244,"5"
788950158,"Existing Customer",36,"M",2,"College","Unknown","$80K - $120K","Blue",22,2,2,3,34516,1652,32864,0.854,1283,39,1.294,0.048,"5"
718464258,"Existing Customer",51,"F",3,"Unknown","Unknown","Less than $40K","Blue",25,2,2,2,9512,1082,8430,0.701,1007,22,1.444,0.114,"5"
719117433,"Existing Customer",41,"M",4,"High School","Unknown","$80K - $120K","Blue",36,4,3,0,23018,2168,20850,0.859,1463,24,1.667,0.094,"5"
771742533,"Existing Customer",48,"M",2,"Graduate","Unknown","$40K - $60K","Blue",36,5,1,2,13068,1718,11350,0.607,937,28,0.556,0.131,"5"
789562383,"Existing Customer",38,"F",1,"High School","Unknown","Less than $40K","Blue",30,2,3,0,1438.3,583,855.3,0.888,1259,24,1,0.405,"5"
708820308,"Existing Customer",47,"M",3,"Post-Graduate","Unknown","$80K - $120K","Blue",36,6,2,2,13399,2505,10894,0.627,1326,31,0.824,0.187,"5"
712595433,"Existing Customer",58,"M",2,"Uneducated","Unknown","$120K +","Blue",49,6,2,3,9788,1794,7994,0.778,1805,37,0.762,0.183,"5"
708288108,"Attrited Customer",43,"M",4,"Post-Graduate","Unknown","$80K - $120K","Blue",30,2,5,3,5639,1547,4092,1.087,647,15,0.364,0.274,"5"
821837958,"Existing Customer",43,"M",3,"College","Unknown","$80K - $120K","Blue",39,3,3,1,24850,1662,23188,0.693,1226,25,0.923,0.067,"5"
788780958,"Existing Customer",46,"M",1,"Uneducated","Unknown","$40K - $60K","Blue",27,6,3,3,12781,1253,11528,0.638,1073,21,0.4,0.098,"5"
781794708,"Attrited Customer",35,"M",3,"Post-Graduate","Unknown","$80K - $120K","Blue",29,2,1,3,17030,1911,15119,0.528,715,25,0.562,0.112,"5"
710677608,"Existing Customer",53,"M",2,"Post-Graduate","Unknown","$80K - $120K","Blue",36,4,2,0,29205,1208,27997,0.957,1556,43,1.048,0.041,"5"
708095133,"Existing Customer",43,"M",4,"Unknown","Unknown","$120K +","Blue",34,5,2,2,33304,1833,31471,0.428,1448,29,0.381,0.055,"5"
819352983,"Existing Customer",49,"M",3,"Unknown","Unknown","$120K +","Blue",44,5,2,2,21620,2008,19612,0.691,1300,33,0.5,0.093,"5"
717049533,"Existing Customer",39,"F",3,"Doctorate","Unknown","$40K - $60K","Blue",28,5,3,0,7262,1466,5796,0.512,1438,28,0.556,0.202,"5"
720179883,"Existing Customer",40,"M",4,"College","Unknown","$80K - $120K","Blue",25,3,3,1,1962,0,1962,0.684,1179,27,0.688,0,"5"
708864708,"Existing Customer",46,"M",3,"College","Unknown","$80K - $120K","Blue",36,4,2,2,24869,1729,23140,0.408,1409,36,0.5,0.07,"5"
717758583,"Existing Customer",40,"M",3,"High School","Unknown","$60K - $80K","Blue",36,4,2,1,3624,1975,1649,0.708,1469,23,1.091,0.545,"5"
788785083,"Existing Customer",44,"F",3,"College","Unknown","Less than $40K","Blue",25,6,3,2,3083,1040,2043,0.729,4311,78,0.56,0.337,"5"
719428308,"Existing Customer",50,"M",2,"High School","Unknown","$60K - $80K","Blue",41,6,2,2,3244,1762,1482,0.661,1274,32,1,0.543,"5"
712370208,"Existing Customer",48,"M",1,"Uneducated","Unknown","$60K - $80K","Blue",35,3,2,2,17131,1213,15918,0.604,1371,37,0.423,0.071,"5"
787833333,"Existing Customer",44,"M",3,"College","Unknown","$80K - $120K","Blue",35,6,1,2,6361,1292,5069,1.027,1571,38,0.52,0.203,"5"
780054258,"Existing Customer",40,"M",5,"Graduate","Unknown","$40K - $60K","Blue",25,6,2,3,7860,541,7319,0.764,1367,35,0.75,0.069,"5"
717418158,"Existing Customer",42,"M",5,"Unknown","Unknown","$120K +","Blue",36,4,1,2,34516,1839,32677,0.69,1230,34,0.889,0.053,"5"
719989008,"Existing Customer",47,"F",1,"High School","Unknown","Unknown","Blue",36,5,1,0,25657,2216,23441,0.856,1121,25,0.667,0.086,"5"
823535133,"Existing Customer",45,"M",2,"Uneducated","Unknown","$80K - $120K","Blue",41,6,2,2,23271,1262,22009,0.718,1402,34,0.889,0.054,"5"
718083483,"Existing Customer",42,"M",3,"Uneducated","Unknown","Less than $40K","Blue",35,4,5,0,6218,2134,4084,1.25,2086,50,0.786,0.343,"5"
711556533,"Existing Customer",43,"F",1,"Graduate","Unknown","Unknown","Blue",36,6,3,3,9851,0,9851,1.034,1212,24,0.6,0,"5"
713828208,"Existing Customer",47,"M",2,"Uneducated","Unknown","$60K - $80K","Blue",36,6,2,1,8311,0,8311,0.584,1895,57,0.425,0,"5"
788939358,"Existing Customer",47,"M",2,"High School","Unknown","$60K - $80K","Blue",33,4,2,2,2458,1399,1059,0.739,1563,40,1.222,0.569,"5"
715848408,"Existing Customer",61,"M",1,"Graduate","Unknown","$80K - $120K","Blue",52,6,6,1,8851,0,8851,0.731,1257,36,0.44,0,"5"
767753958,"Existing Customer",37,"M",3,"Graduate","Unknown","$40K - $60K","Blue",31,6,1,2,8504,1956,6548,0.963,1881,51,0.417,0.23,"5"
817245183,"Existing Customer",51,"M",2,"Unknown","Unknown","$120K +","Blue",33,6,2,2,19715,1014,18701,1.437,1979,40,0.667,0.051,"5"
714131058,"Existing Customer",30,"M",0,"Graduate","Unknown","$60K - $80K","Blue",36,3,5,3,18513,2517,15996,0.524,1567,33,0.941,0.136,"5"
713128833,"Existing Customer",49,"M",2,"Unknown","Unknown","$60K - $80K","Blue",36,5,3,2,6511,1790,4721,0.397,1478,38,0.267,0.275,"5"
813499458,"Attrited Customer",45,"M",5,"High School","Unknown","$60K - $80K","Blue",40,3,3,1,1438.3,0,1438.3,1.23,2132,31,0.107,0,"5"
824782008,"Existing Customer",42,"M",3,"High School","Unknown","$60K - $80K","Blue",38,5,1,2,10239,510,9729,0.344,1228,26,0.529,0.05,"5"
771237933,"Existing Customer",47,"M",1,"Uneducated","Unknown","$80K - $120K","Blue",34,4,1,3,20620,1085,19535,1.276,1477,23,0.533,0.053,"5"
714244383,"Existing Customer",39,"M",3,"College","Unknown","$80K - $120K","Blue",36,4,2,3,33406,1692,31714,1.242,1529,30,0.875,0.051,"5"
720352533,"Existing Customer",43,"M",3,"High School","Unknown","$60K - $80K","Blue",36,5,3,3,20811,1425,19386,0.382,1483,38,0.52,0.068,"5"
813952233,"Existing Customer",44,"M",3,"Graduate","Unknown","Less than $40K","Blue",39,5,2,4,2978,2134,844,0.579,1413,46,0.394,0.717,"5"
721194858,"Existing Customer",48,"M",4,"Graduate","Unknown","$80K - $120K","Blue",40,6,2,2,4438,2472,1966,0.69,1725,60,0.622,0.557,"5"
778755858,"Existing Customer",46,"M",3,"Graduate","Unknown","$80K - $120K","Blue",27,5,1,3,3665,1725,1940,0.495,1881,55,0.618,0.471,"5"
720650208,"Existing Customer",40,"F",3,"College","Unknown","$40K - $60K","Blue",22,3,3,3,12588,2005,10583,0.996,1561,26,1,0.159,"5"
717249783,"Existing Customer",47,"M",4,"Unknown","Unknown","$60K - $80K","Blue",39,5,2,2,1815,740,1075,1.124,1931,67,0.718,0.408,"5"
715511658,"Existing Customer",49,"F",5,"Post-Graduate","Unknown","$40K - $60K","Blue",39,3,1,4,4568,0,4568,0.979,1431,27,0.688,0,"5"
753856008,"Existing Customer",49,"F",2,"Unknown","Unknown","$40K - $60K","Blue",42,6,1,4,4949,1495,3454,0.791,3597,64,0.684,0.302,"5"
716383683,"Existing Customer",39,"F",2,"Post-Graduate","Unknown","Less than $40K","Blue",36,4,3,4,1438.3,0,1438.3,0.7,1338,28,0.867,0,"5"
788974608,"Existing Customer",48,"M",3,"Graduate","Unknown","$60K - $80K","Blue",35,5,1,3,2829,2342,487,0.991,1561,41,1.05,0.828,"5"
715764483,"Existing Customer",53,"F",3,"High School","Unknown","Less than $40K","Blue",37,3,2,4,7202,974,6228,0.517,1397,33,0.5,0.135,"5"
719518308,"Existing Customer",48,"M",2,"Unknown","Unknown","$80K - $120K","Blue",35,5,2,4,5039,0,5039,0.757,1390,23,0.769,0,"5"
708679383,"Existing Customer",44,"F",2,"Unknown","Unknown","Less than $40K","Blue",32,5,1,3,4852,1777,3075,0.667,1775,55,1.037,0.366,"5"
710944608,"Existing Customer",39,"M",3,"Graduate","Unknown","$80K - $120K","Blue",31,6,2,4,8434,2222,6212,0.691,1414,27,0.929,0.263,"5"
715007583,"Existing Customer",61,"F",0,"Unknown","Unknown","Unknown","Blue",36,4,2,2,1801,0,1801,1.234,3193,62,1.48,0,"5"
758408883,"Existing Customer",37,"F",1,"Graduate","Unknown","$40K - $60K","Blue",30,5,3,4,13355,1631,11724,1.113,1921,37,0.85,0.122,"5"
719514783,"Existing Customer",39,"F",3,"Post-Graduate","Unknown","Unknown","Blue",26,6,1,4,3209,2517,692,0.431,1292,37,0.762,0.784,"5"
717128283,"Existing Customer",40,"F",3,"High School","Unknown","Less than $40K","Blue",36,5,2,2,5525,2409,3116,0.929,2305,33,0.941,0.436,"5"
721178583,"Attrited Customer",37,"F",3,"Graduate","Unknown","Unknown","Blue",22,2,3,2,5674,0,5674,0.906,1096,29,0.526,0,"5"
755959683,"Existing Customer",50,"F",5,"Unknown","Unknown","Unknown","Blue",43,5,1,2,3410,2281,1129,0.518,1296,31,0.348,0.669,"5"
715367058,"Existing Customer",43,"M",3,"College","Unknown","$60K - $80K","Blue",37,5,2,3,19044,0,19044,0.721,1780,44,0.76,0,"5"
766429908,"Existing Customer",49,"M",2,"High School","Unknown","$60K - $80K","Blue",42,6,1,2,3017,786,2231,1.081,1640,37,0.762,0.261,"5"
789079758,"Existing Customer",44,"M",4,"Doctorate","Unknown","$120K +","Blue",32,3,2,3,34516,1356,33160,1.169,1531,48,0.655,0.039,"5"
778275783,"Existing Customer",37,"F",2,"Unknown","Unknown","Less than $40K","Blue",27,5,1,2,2868,1434,1434,0.777,2909,64,0.488,0.5,"5"
788789658,"Existing Customer",40,"M",5,"Unknown","Unknown","$80K - $120K","Blue",22,6,1,4,4042,1744,2298,0.582,1471,37,0.542,0.431,"5"
716998608,"Existing Customer",48,"M",3,"Graduate","Unknown","$60K - $80K","Blue",36,3,3,2,6703,1252,5451,0.625,1843,44,0.63,0.187,"5"
720814233,"Existing Customer",45,"M",4,"High School","Unknown","$80K - $120K","Blue",34,4,3,3,23539,1261,22278,0.484,1485,38,0.462,0.054,"5"
716038533,"Existing Customer",42,"F",3,"Graduate","Unknown","Less than $40K","Blue",32,3,1,2,7169,902,6267,0.834,1438,35,0.591,0.126,"5"
713464983,"Existing Customer",45,"F",2,"Graduate","Unknown","$40K - $60K","Blue",36,4,3,4,4947,1053,3894,1.195,3479,76,0.81,0.213,"5"
771823308,"Existing Customer",33,"F",2,"Uneducated","Unknown","Less than $40K","Blue",21,5,1,4,1475,986,489,0.896,1896,33,0.833,0.668,"5"
719621958,"Existing Customer",43,"M",3,"Graduate","Unknown","$60K - $80K","Blue",28,3,2,3,4365,0,4365,0.32,1720,40,0.379,0,"5"
823948308,"Existing Customer",48,"M",4,"Post-Graduate","Unknown","$40K - $60K","Blue",44,6,2,4,6710,1942,4768,0.777,1727,37,0.85,0.289,"5"
720504633,"Attrited Customer",46,"M",2,"Uneducated","Unknown","$60K - $80K","Blue",32,6,2,3,3254,0,3254,0.733,967,24,1.182,0,"5"
713663508,"Attrited Customer",58,"M",0,"High School","Unknown","$40K - $60K","Blue",42,3,2,3,1438.3,0,1438.3,0.835,1088,22,1.444,0,"5"
712340733,"Existing Customer",42,"F",2,"Graduate","Unknown","Unknown","Blue",34,5,2,2,19373,1142,18231,0.655,1792,48,0.455,0.059,"5"
789170283,"Existing Customer",53,"M",1,"Graduate","Unknown","$80K - $120K","Blue",42,5,5,4,6514,978,5536,0.843,3084,63,0.658,0.15,"5"
787284858,"Existing Customer",35,"M",2,"Uneducated","Unknown","$120K +","Blue",29,5,1,2,3300,1731,1569,0.689,1745,27,0.929,0.525,"5"
788610258,"Existing Customer",49,"M",4,"College","Unknown","Less than $40K","Blue",43,5,2,4,9652,2517,7135,0.889,3762,73,0.587,0.261,"5"
719213133,"Existing Customer",53,"M",1,"Graduate","Unknown","$60K - $80K","Blue",41,4,1,2,2432,1554,878,1.158,3670,60,0.818,0.639,"5"
810856833,"Existing Customer",45,"M",4,"College","Unknown","$120K +","Blue",40,3,2,2,11962,1025,10937,0.694,1907,52,0.926,0.086,"5"
803648508,"Existing Customer",43,"M",4,"High School","Unknown","$80K - $120K","Blue",37,4,2,3,13882,758,13124,0.5,1646,42,0.75,0.055,"5"
779528658,"Existing Customer",42,"M",4,"College","Unknown","$60K - $80K","Blue",25,4,3,3,3092,1115,1977,0.802,2133,41,0.783,0.361,"5"
714920208,"Existing Customer",37,"F",1,"High School","Unknown","Less than $40K","Blue",30,3,5,0,3003,1810,1193,0.719,3148,68,0.789,0.603,"5"
718423533,"Existing Customer",57,"M",3,"College","Unknown","$60K - $80K","Blue",50,6,3,4,16791,1181,15610,0.55,2983,74,0.682,0.07,"5"
714840858,"Existing Customer",40,"F",3,"High School","Unknown","Less than $40K","Blue",31,5,2,4,2222,1551,671,0.932,3302,65,0.585,0.698,"5"
715043508,"Existing Customer",38,"M",2,"Graduate","Unknown","$40K - $60K","Blue",36,4,3,4,9515,0,9515,0.79,4642,61,0.605,0,"5"
789158433,"Existing Customer",49,"F",2,"High School","Unknown","$40K - $60K","Blue",38,4,1,2,2497,1674,823,0.701,2922,53,0.963,0.67,"5"
719976558,"Existing Customer",47,"M",2,"Graduate","Unknown","$60K - $80K","Blue",34,3,2,4,4249,1562,2687,0.773,1881,49,0.815,0.368,"5"
711906033,"Existing Customer",48,"F",3,"Graduate","Unknown","Less than $40K","Blue",36,4,2,2,6182,1131,5051,0.566,3546,63,0.615,0.183,"5"
712847208,"Existing Customer",47,"F",3,"Graduate","Unknown","$40K - $60K","Blue",36,5,2,3,5369,1854,3515,0.959,1898,50,0.786,0.345,"5"
806256333,"Attrited Customer",41,"M",4,"Graduate","Unknown","$60K - $80K","Blue",36,2,3,5,1438.3,312,1126.3,0.657,1786,26,0.733,0.217,"5"
788776908,"Existing Customer",47,"M",1,"Unknown","Unknown","$80K - $120K","Blue",28,6,1,4,2797,1802,995,0.675,3525,63,0.75,0.644,"5"
818034558,"Existing Customer",44,"M",2,"Unknown","Unknown","$60K - $80K","Blue",39,5,3,3,22075,1506,20569,0.794,2337,40,0.818,0.068,"5"
709126833,"Existing Customer",42,"M",3,"College","Unknown","$120K +","Blue",36,3,2,1,21670,2183,19487,0.995,4121,81,0.761,0.101,"5"
802666083,"Existing Customer",48,"F",2,"Uneducated","Unknown","Less than $40K","Blue",42,3,2,2,2055,0,2055,1.064,3656,63,0.75,0,"5"
708104658,"Existing Customer",46,"M",1,"Graduate","Unknown","$40K - $60K","Blue",36,4,3,2,1438.3,890,548.3,1.143,2928,48,1.4,0.619,"5"
720620058,"Existing Customer",41,"M",4,"High School","Unknown","$80K - $120K","Blue",36,4,3,2,23124,1746,21378,0.807,1959,50,0.724,0.076,"5"
789307833,"Existing Customer",44,"M",4,"College","Unknown","$120K +","Blue",34,5,3,3,8874,1590,7284,0.698,1849,56,0.647,0.179,"5"
718368333,"Existing Customer",26,"M",0,"College","Unknown","Less than $40K","Blue",13,6,1,2,5713,789,4924,0.678,3323,61,0.525,0.138,"5"
712589658,"Existing Customer",45,"F",4,"Uneducated","Unknown","Less than $40K","Silver",30,5,2,2,13131,1965,11166,0.695,1795,37,0.48,0.15,"5"
710133858,"Existing Customer",40,"F",1,"Graduate","Unknown","Less than $40K","Blue",30,5,1,1,7554,1848,5706,0.767,4150,64,0.524,0.245,"5"
755365233,"Existing Customer",34,"M",1,"Graduate","Unknown","$60K - $80K","Blue",27,5,2,4,19900,1581,18319,0.838,3948,96,0.846,0.079,"5"
720430083,"Existing Customer",65,"M",0,"High School","Unknown","Less than $40K","Blue",36,3,3,2,2107,1008,1099,0.953,3913,67,0.523,0.478,"5"
767333808,"Existing Customer",50,"F",2,"Graduate","Unknown","Less than $40K","Blue",43,5,3,4,3424,0,3424,0.765,4929,74,0.574,0,"5"
771725808,"Existing Customer",43,"M",3,"Uneducated","Unknown","$80K - $120K","Blue",31,5,1,4,28700,769,27931,0.901,3395,71,0.578,0.027,"5"
714436383,"Existing Customer",44,"M",4,"Graduate","Unknown","$80K - $120K","Blue",34,4,3,2,26856,0,26856,0.581,4222,75,0.471,0,"5"
718318383,"Existing Customer",49,"M",1,"High School","Unknown","$60K - $80K","Blue",36,6,3,4,2645,1499,1146,0.67,4251,69,0.533,0.567,"5"
708139833,"Attrited Customer",40,"M",3,"Graduate","Unknown","$60K - $80K","Blue",30,4,2,3,6391,0,6391,0.632,2323,44,0.419,0,"5"
712019883,"Existing Customer",43,"F",4,"Unknown","Unknown","Unknown","Blue",34,5,3,3,12778,1528,11250,0.777,3337,69,0.769,0.12,"5"
718345233,"Existing Customer",45,"F",2,"Graduate","Unknown","Less than $40K","Blue",35,6,3,3,3240,2517,723,0.636,1904,41,0.519,0.777,"5"
719527833,"Existing Customer",45,"F",4,"High School","Unknown","Unknown","Blue",36,6,3,3,23000,1097,21903,1.095,3886,70,0.667,0.048,"5"
716219808,"Existing Customer",49,"M",3,"Graduate","Unknown","$60K - $80K","Blue",36,5,2,3,15942,0,15942,0.723,1742,41,0.323,0,"5"
716645883,"Existing Customer",47,"M",2,"Unknown","Unknown","$60K - $80K","Blue",36,3,2,2,13867,0,13867,0.659,4297,68,0.744,0,"5"
714731208,"Existing Customer",63,"F",0,"Uneducated","Unknown","$40K - $60K","Blue",55,6,2,2,1651,1433,218,0.985,4050,58,0.611,0.868,"5"
720635883,"Existing Customer",34,"M",3,"Unknown","Unknown","$80K - $120K","Blue",24,6,3,3,8628,1500,7128,0.688,2902,60,0.818,0.174,"5"
715662258,"Existing Customer",49,"F",3,"Unknown","Unknown","Less than $40K","Blue",36,3,1,2,2454,2060,394,0.804,3777,75,0.596,0.839,"5"
715570533,"Attrited Customer",48,"M",3,"Post-Graduate","Unknown","$120K +","Blue",35,2,2,6,34516,0,34516,0.464,1632,44,0.333,0,"5"
758202858,"Existing Customer",47,"F",3,"High School","Unknown","Less than $40K","Blue",40,4,2,4,4255,1681,2574,0.65,3453,72,0.5,0.395,"5"
719398158,"Existing Customer",51,"M",2,"Unknown","Unknown","$80K - $120K","Blue",39,6,1,3,9854,1886,7968,0.921,3912,76,0.949,0.191,"5"
787581858,"Existing Customer",46,"M",2,"Unknown","Unknown","$120K +","Blue",37,3,2,4,3132,1466,1666,0.689,3612,59,0.595,0.468,"5"
806226933,"Existing Customer",37,"M",2,"High School","Unknown","$120K +","Blue",32,6,1,1,34516,0,34516,0.928,3660,59,1.107,0,"5"
716211258,"Existing Customer",59,"F",1,"College","Unknown","Less than $40K","Blue",49,6,5,4,4072,0,4072,0.464,1966,43,1.15,0,"5"
797743233,"Existing Customer",45,"M",3,"Uneducated","Unknown","$60K - $80K","Blue",39,3,2,3,5996,865,5131,0.511,4542,77,0.481,0.144,"5"
710658483,"Attrited Customer",47,"M",4,"Graduate","Unknown","$40K - $60K","Blue",34,2,3,6,9080,2174,6906,0.653,2098,46,0.586,0.239,"5"
720379533,"Attrited Customer",47,"M",3,"Unknown","Unknown","$120K +","Blue",36,1,3,4,3952,0,3952,0.809,2066,37,0.233,0,"5"
719801508,"Existing Customer",36,"M",1,"Uneducated","Unknown","$120K +","Blue",23,6,3,3,20230,798,19432,0.592,4314,82,0.708,0.039,"5"
769701258,"Existing Customer",26,"F",0,"Unknown","Unknown","Unknown","Blue",18,3,3,3,12463,1319,11144,0.655,3996,71,0.543,0.106,"5"
708707808,"Existing Customer",57,"M",2,"Graduate","Unknown","$60K - $80K","Blue",45,4,1,2,2480,1584,896,0.874,3438,66,0.784,0.639,"5"
810321933,"Existing Customer",35,"M",3,"High School","Unknown","$80K - $120K","Blue",30,5,3,3,11229,1054,10175,0.552,1898,36,1.571,0.094,"5"
827049558,"Existing Customer",47,"M",2,"Graduate","Unknown","$80K - $120K","Blue",43,3,2,2,2158,1170,988,0.73,4421,89,0.679,0.542,"5"
709215708,"Existing Customer",49,"M",2,"Post-Graduate","Unknown","$60K - $80K","Blue",36,4,2,5,18253,2517,15736,0.91,3737,73,0.587,0.138,"5"
713532858,"Existing Customer",42,"M",2,"Doctorate","Unknown","$80K - $120K","Blue",36,6,1,2,4728,1386,3342,0.756,4077,70,0.628,0.293,"5"
709513458,"Existing Customer",49,"M",3,"High School","Unknown","$60K - $80K","Blue",36,3,2,2,9551,1833,7718,1.675,3213,52,1.476,0.192,"5"
717705858,"Existing Customer",40,"M",2,"High School","Unknown","$80K - $120K","Blue",32,4,3,3,29923,0,29923,0.937,2528,52,0.793,0,"5"
716573058,"Attrited Customer",54,"F",3,"Doctorate","Unknown","Less than $40K","Blue",36,3,3,4,1438.3,0,1438.3,0.499,1598,40,0.29,0,"5"
712642533,"Existing Customer",38,"M",3,"Unknown","Unknown","$80K - $120K","Blue",26,6,1,3,32866,2098,30768,0.549,3788,76,0.689,0.064,"5"
789111483,"Existing Customer",46,"M",3,"Graduate","Unknown","$80K - $120K","Blue",34,5,3,4,16546,1850,14696,0.729,4255,75,0.562,0.112,"5"
770975133,"Existing Customer",36,"M",0,"Graduate","Unknown","Less than $40K","Blue",23,5,2,4,5403,1854,3549,0.712,4382,74,0.542,0.343,"5"
772103208,"Existing Customer",44,"F",5,"High School","Unknown","Unknown","Blue",33,4,3,2,13349,0,13349,0.882,3534,78,0.902,0,"5"
826079508,"Existing Customer",48,"M",2,"Unknown","Unknown","$60K - $80K","Blue",44,4,3,3,8904,1886,7018,0.945,3654,65,0.757,0.212,"5"
826717533,"Existing Customer",42,"M",3,"Graduate","Unknown","$80K - $120K","Blue",38,6,1,1,16105,724,15381,0.949,4631,76,0.767,0.045,"5"
814092858,"Existing Customer",49,"F",3,"Graduate","Unknown","Unknown","Blue",44,5,2,1,2222,694,1528,0.903,4372,65,0.711,0.312,"5"
721213833,"Existing Customer",46,"F",2,"High School","Unknown","Unknown","Blue",32,4,1,3,7966,1423,6543,0.987,3780,75,0.923,0.179,"5"
712521783,"Existing Customer",54,"M",3,"Graduate","Unknown","$80K - $120K","Blue",47,6,2,4,15108,1288,13820,0.684,3713,65,0.512,0.085,"5"
709716258,"Existing Customer",48,"M",3,"High School","Unknown","$80K - $120K","Blue",36,3,1,3,7633,1707,5926,0.529,1807,58,0.657,0.224,"5"
709272333,"Existing Customer",59,"F",1,"Uneducated","Unknown","Less than $40K","Blue",45,6,3,3,9899,2023,7876,0.445,4579,73,0.622,0.204,"5"
716332533,"Existing Customer",38,"F",3,"Unknown","Unknown","$40K - $60K","Blue",36,6,1,3,3509,1819,1690,0.894,4712,84,0.909,0.518,"5"
716436483,"Existing Customer",45,"F",3,"Uneducated","Unknown","Less than $40K","Blue",36,4,4,3,6245,0,6245,0.554,2521,50,0.667,0,"5"
721523658,"Existing Customer",46,"M",5,"High School","Unknown","$120K +","Blue",26,4,3,3,34516,772,33744,0.979,3699,77,0.878,0.022,"5"
713750583,"Existing Customer",55,"F",1,"College","Unknown","Less than $40K","Blue",36,4,2,4,1928,1125,803,0.911,2190,30,0.667,0.584,"5"
789603183,"Existing Customer",48,"M",4,"High School","Unknown","$60K - $80K","Blue",41,4,1,3,9728,0,9728,0.806,3756,57,0.727,0,"5"
708784908,"Existing Customer",47,"F",3,"Graduate","Unknown","Unknown","Blue",34,5,1,4,18064,2039,16025,0.89,4435,88,0.796,0.113,"5"
711184983,"Existing Customer",41,"M",5,"Unknown","Unknown","$80K - $120K","Blue",29,6,2,1,11191,0,11191,0.808,3839,73,0.78,0,"5"
712312908,"Existing Customer",47,"F",4,"Unknown","Unknown","Less than $40K","Blue",34,6,2,4,2424,0,2424,0.662,3890,66,0.65,0,"5"
772148058,"Existing Customer",45,"M",3,"Graduate","Unknown","$80K - $120K","Blue",34,6,6,3,2210,759,1451,0.892,2755,53,0.559,0.343,"5"
712986483,"Existing Customer",32,"M",3,"College","Unknown","$80K - $120K","Blue",36,3,5,2,15412,0,15412,0.589,3993,73,0.659,0,"5"
711275433,"Attrited Customer",47,"M",4,"Uneducated","Unknown","Unknown","Blue",36,3,3,3,18873,0,18873,0.636,2021,38,0.52,0,"5"
712597233,"Attrited Customer",37,"M",2,"Uneducated","Unknown","$40K - $60K","Blue",36,2,3,2,3250,1721,1529,0.446,1714,32,0.391,0.53,"5"
710657508,"Existing Customer",32,"M",0,"College","Unknown","Less than $40K","Blue",36,3,3,4,3788,1325,2463,0.607,3975,65,0.477,0.35,"5"
709300458,"Existing Customer",48,"M",1,"Graduate","Unknown","Less than $40K","Blue",43,5,3,3,7199,1031,6168,1.212,4041,73,0.698,0.143,"5"
788923758,"Existing Customer",26,"F",1,"High School","Unknown","Unknown","Blue",13,3,1,3,10693,2517,8176,0.88,4138,76,0.727,0.235,"5"
716575758,"Attrited Customer",50,"F",2,"College","Unknown","Unknown","Blue",39,2,3,2,1438.3,0,1438.3,0.588,1859,41,0.464,0,"5"
714732183,"Existing Customer",47,"M",4,"Uneducated","Unknown","$40K - $60K","Blue",36,6,3,2,3402,1607,1795,0.432,3188,65,0.667,0.472,"5"
711080358,"Existing Customer",55,"M",1,"Unknown","Unknown","$120K +","Blue",46,4,1,2,19849,2205,17644,0.796,3657,66,0.737,0.111,"5"
712033833,"Existing Customer",42,"F",4,"Unknown","Unknown","Less than $40K","Blue",34,5,3,2,1874,1341,533,0.952,3899,70,0.75,0.716,"5"
808705758,"Existing Customer",43,"M",3,"Unknown","Unknown","$80K - $120K","Blue",38,6,2,3,20348,1732,18616,0.674,1624,27,0.688,0.085,"5"
720487308,"Existing Customer",49,"M",1,"High School","Unknown","$60K - $80K","Blue",38,3,3,2,15898,0,15898,1.049,4184,54,1.077,0,"5"
805282908,"Existing Customer",43,"M",5,"Graduate","Unknown","$40K - $60K","Blue",38,3,3,2,7599,1100,6499,0.365,4401,71,0.651,0.145,"5"
771246708,"Existing Customer",40,"M",5,"Graduate","Unknown","$120K +","Blue",27,5,2,3,31954,2297,29657,0.516,4371,82,0.64,0.072,"5"
710678658,"Existing Customer",47,"F",4,"Unknown","Unknown","Less than $40K","Blue",36,5,3,2,4944,1151,3793,0.801,3684,64,0.829,0.233,"5"
718583133,"Existing Customer",49,"F",3,"Graduate","Unknown","Less than $40K","Blue",39,4,2,0,4389,981,3408,0.65,3598,75,0.705,0.224,"5"
774760458,"Attrited Customer",62,"F",1,"High School","Unknown","$40K - $60K","Blue",56,3,5,1,3807,2517,1290,0.506,1739,36,0.5,0.661,"5"
771424908,"Attrited Customer",38,"M",2,"Unknown","Unknown","$60K - $80K","Blue",26,2,2,3,11252,1129,10123,0.462,1766,31,0.476,0.1,"5"
708788583,"Attrited Customer",64,"F",1,"College","Unknown","Less than $40K","Blue",56,3,1,2,6167,0,6167,0.422,1648,43,0.536,0,"5"
713446083,"Existing Customer",49,"F",4,"Uneducated","Unknown","Unknown","Blue",39,5,2,3,11545,1732,9813,0.871,3996,65,0.548,0.15,"5"
708451233,"Existing Customer",46,"F",3,"Graduate","Unknown","Less than $40K","Blue",36,5,3,4,5090,1650,3440,0.58,3707,72,0.44,0.324,"5"
785134758,"Existing Customer",41,"M",2,"College","Unknown","$80K - $120K","Blue",24,3,2,4,14320,0,14320,0.754,4077,77,0.791,0,"5"
709131033,"Existing Customer",65,"F",0,"Graduate","Unknown","Unknown","Blue",36,3,3,4,2025,1701,324,0.628,4056,71,0.578,0.84,"5"
721506708,"Existing Customer",54,"M",1,"Uneducated","Unknown","$80K - $120K","Blue",46,4,1,4,6249,2517,3732,0.751,3988,68,0.789,0.403,"5"
794682483,"Existing Customer",43,"F",3,"Post-Graduate","Unknown","Less than $40K","Blue",23,5,3,3,4284,1094,3190,0.63,3095,64,0.524,0.255,"5"
772177308,"Existing Customer",47,"F",2,"Unknown","Unknown","Less than $40K","Blue",36,4,2,2,1738,0,1738,1.124,2572,62,0.938,0,"5"
710194683,"Existing Customer",43,"M",3,"Graduate","Unknown","$80K - $120K","Blue",30,3,1,4,3244,2260,984,0.711,2313,39,0.857,0.697,"5"
709137558,"Existing Customer",52,"M",0,"Uneducated","Unknown","$80K - $120K","Blue",36,6,4,4,5395,2084,3311,0.798,4689,69,0.725,0.386,"5"
721202058,"Existing Customer",62,"F",0,"High School","Unknown","$40K - $60K","Blue",49,4,1,1,4409,785,3624,0.838,4160,61,0.649,0.178,"5"
800164083,"Existing Customer",53,"M",1,"Uneducated","Unknown","$120K +","Blue",47,4,2,2,20783,1257,19526,0.724,3819,76,0.617,0.06,"5"
828215508,"Attrited Customer",55,"F",2,"Graduate","Unknown","Less than $40K","Blue",50,4,4,3,1438.3,0,1438.3,0.639,1785,33,0.32,0,"5"
721428333,"Existing Customer",47,"F",3,"Unknown","Unknown","Less than $40K","Blue",34,4,2,1,8109,541,7568,0.958,3609,77,0.604,0.067,"5"
719910333,"Existing Customer",43,"F",3,"Unknown","Unknown","Less than $40K","Blue",36,4,4,2,5853,1190,4663,0.936,3595,80,0.667,0.203,"5"
721500108,"Existing Customer",42,"M",1,"Graduate","Unknown","$60K - $80K","Blue",32,5,3,2,3741,0,3741,0.959,4402,55,0.833,0,"5"
828343083,"Existing Customer",43,"F",4,"High School","Unknown","Less than $40K","Blue",39,3,3,3,2786,1793,993,0.803,3646,68,0.659,0.644,"5"
710568333,"Existing Customer",47,"M",4,"College","Unknown","$60K - $80K","Blue",35,4,2,3,6623,1823,4800,0.811,2293,47,0.567,0.275,"5"
714365883,"Existing Customer",51,"F",4,"Uneducated","Unknown","Less than $40K","Blue",40,3,3,4,7093,918,6175,0.56,3877,75,0.744,0.129,"5"
771516333,"Existing Customer",41,"F",2,"Graduate","Unknown","$40K - $60K","Blue",29,6,2,3,4663,0,4663,0.892,3831,81,0.761,0,"5"
708774708,"Existing Customer",47,"F",4,"Graduate","Unknown","$40K - $60K","Blue",29,6,1,3,2636,1589,1047,0.864,3858,70,0.522,0.603,"5"
813890883,"Existing Customer",44,"F",1,"Uneducated","Unknown","Less than $40K","Blue",39,4,2,1,1555,0,1555,0.583,3811,65,0.711,0,"5"
804606033,"Existing Customer",46,"M",4,"High School","Unknown","$40K - $60K","Blue",41,6,1,2,8738,1172,7566,0.65,3121,60,0.395,0.134,"5"
817616433,"Existing Customer",55,"F",2,"College","Unknown","Unknown","Blue",41,6,2,2,7613,0,7613,0.68,4268,69,0.725,0,"5"
812973708,"Existing Customer",42,"M",3,"High School","Unknown","$40K - $60K","Blue",37,6,2,4,2793,1661,1132,1.117,3247,69,0.865,0.595,"5"
772204758,"Existing Customer",42,"F",2,"Post-Graduate","Unknown","Less than $40K","Blue",31,3,2,2,3809,1165,2644,0.634,2306,46,0.643,0.306,"5"
709039533,"Existing Customer",43,"F",3,"Unknown","Unknown","Less than $40K","Blue",24,6,1,4,5544,1095,4449,0.572,3829,55,0.964,0.198,"5"
712429458,"Existing Customer",50,"M",2,"Graduate","Unknown","$60K - $80K","Blue",38,5,3,3,4772,1770,3002,0.545,4054,72,0.674,0.371,"5"
716475183,"Existing Customer",45,"M",3,"Graduate","Unknown","$60K - $80K","Blue",35,3,3,3,10290,753,9537,0.858,4326,81,0.761,0.073,"5"
714296358,"Existing Customer",52,"F",2,"College","Unknown","Less than $40K","Blue",44,4,1,3,3433,2486,947,0.838,4831,78,0.529,0.724,"5"
770938533,"Existing Customer",45,"M",1,"College","Unknown","$120K +","Blue",32,3,1,3,3304,1370,1934,0.954,3914,70,0.667,0.415,"5"
789025083,"Existing Customer",40,"M",4,"Unknown","Unknown","Less than $40K","Blue",27,5,3,0,1438.3,860,578.3,0.79,4655,82,0.864,0.598,"5"
714336333,"Existing Customer",48,"M",4,"Doctorate","Unknown","$80K - $120K","Blue",40,3,2,2,3429,1268,2161,0.703,4422,64,1.783,0.37,"5"
720146733,"Existing Customer",45,"F",4,"Graduate","Unknown","Less than $40K","Blue",34,5,4,2,2480,1890,590,0.652,4114,66,0.737,0.762,"5"
816756783,"Existing Customer",42,"M",2,"High School","Unknown","$40K - $60K","Blue",37,6,2,3,2993,2249,744,0.863,4106,81,0.528,0.751,"5"
711571383,"Existing Customer",46,"M",2,"High School","Unknown","Less than $40K","Blue",37,3,1,1,6118,1092,5026,0.757,4434,81,0.62,0.178,"5"
803796708,"Attrited Customer",52,"M",3,"Uneducated","Unknown","$120K +","Blue",46,2,4,4,13354,0,13354,0.018,1097,28,0.077,0,"5"
710974308,"Existing Customer",38,"M",1,"Graduate","Unknown","$80K - $120K","Blue",36,3,3,4,26792,1671,25121,0.938,3587,66,0.571,0.062,"5"
714106833,"Existing Customer",57,"F",3,"Graduate","Unknown","Less than $40K","Blue",47,6,3,1,5225,2290,2935,0.962,4239,69,0.683,0.438,"5"
709134333,"Existing Customer",45,"F",2,"Graduate","Unknown","Less than $40K","Blue",28,6,2,3,3136,2253,883,0.722,4674,67,0.763,0.718,"5"
712630608,"Existing Customer",43,"F",2,"High School","Unknown","Unknown","Blue",35,3,3,4,6109,1549,4560,0.683,4430,69,0.865,0.254,"5"
717812133,"Existing Customer",33,"F",1,"Graduate","Unknown","Less than $40K","Blue",13,3,1,3,3315,1243,2072,0.709,4006,65,0.548,0.375,"5"
717112533,"Existing Customer",52,"F",1,"Graduate","Unknown","Less than $40K","Blue",42,6,2,0,6946,0,6946,0.745,4058,88,0.725,0,"5"
710733183,"Existing Customer",46,"M",3,"Post-Graduate","Unknown","$120K +","Blue",36,6,1,2,1438.3,845,593.3,0.642,3631,67,0.763,0.587,"5"
713333433,"Attrited Customer",49,"M",3,"Uneducated","Unknown","$60K - $80K","Blue",41,3,4,4,18075,0,18075,0.531,1477,30,0.5,0,"5"
715675458,"Existing Customer",51,"M",1,"High School","Unknown","$80K - $120K","Blue",41,6,1,2,6346,578,5768,0.55,3837,85,0.604,0.091,"5"
715354008,"Existing Customer",43,"M",3,"Graduate","Unknown","$120K +","Blue",36,6,1,2,25937,0,25937,0.936,3785,68,0.7,0,"5"
720197058,"Attrited Customer",47,"F",3,"Graduate","Unknown","Unknown","Blue",33,1,3,4,3443,0,3443,0.832,2505,45,0.452,0,"5"
721273008,"Attrited Customer",54,"F",1,"College","Unknown","Less than $40K","Silver",43,6,3,4,10797,1252,9545,0.489,1739,38,0.226,0.116,"5"
718410258,"Existing Customer",37,"M",3,"High School","Unknown","$80K - $120K","Blue",28,5,4,4,13441,0,13441,0.513,4207,80,0.702,0,"5"
778224858,"Existing Customer",42,"F",2,"College","Unknown","Unknown","Blue",32,3,3,4,4035,1003,3032,0.583,4589,89,0.648,0.249,"5"
708923658,"Existing Customer",41,"F",3,"Unknown","Unknown","Less than $40K","Blue",28,3,2,2,7234,1420,5814,0.539,4466,92,0.736,0.196,"5"
780688383,"Existing Customer",35,"M",1,"Graduate","Unknown","$80K - $120K","Blue",24,4,2,3,21114,0,21114,0.697,3534,56,1,0,"5"
711286533,"Existing Customer",43,"M",3,"Graduate","Unknown","$60K - $80K","Blue",31,5,1,2,13448,0,13448,0.667,5067,62,0.722,0,"5"
710761533,"Existing Customer",44,"M",2,"Graduate","Unknown","$80K - $120K","Blue",33,3,2,3,23665,1624,22041,0.574,4190,87,0.706,0.069,"5"
714834258,"Existing Customer",43,"F",4,"High School","Unknown","Less than $40K","Blue",36,5,2,4,2459,1127,1332,0.765,4343,83,0.886,0.458,"5"
719343633,"Existing Customer",48,"M",3,"High School","Unknown","Less than $40K","Blue",38,4,3,3,8892,889,8003,0.67,4900,89,0.745,0.1,"5"
715976433,"Existing Customer",42,"M",3,"High School","Unknown","Less than $40K","Blue",31,4,2,4,7802,1885,5917,0.643,4212,75,0.744,0.242,"5"
817247658,"Existing Customer",45,"M",3,"High School","Unknown","$60K - $80K","Blue",27,6,2,3,21317,0,21317,0.833,3814,67,1.03,0,"5"
713648208,"Existing Customer",40,"F",2,"Graduate","Unknown","$40K - $60K","Blue",32,6,2,2,3097,2409,688,0.912,4624,86,0.87,0.778,"5"
826261008,"Attrited Customer",48,"F",3,"Graduate","Unknown","Less than $40K","Blue",44,3,3,2,1438.3,0,1438.3,0.736,2054,46,0.586,0,"5"
708773583,"Existing Customer",52,"F",3,"Graduate","Unknown","$40K - $60K","Blue",45,5,2,0,10859,1710,9149,0.974,3987,64,0.829,0.157,"5"
823557333,"Existing Customer",43,"F",2,"Uneducated","Unknown","Less than $40K","Blue",39,5,3,3,2734,2517,217,0.7,4457,86,0.955,0.921,"5"
717023508,"Existing Customer",45,"F",3,"Unknown","Unknown","$40K - $60K","Blue",36,6,1,2,2667,1551,1116,0.672,4883,85,0.735,0.582,"5"
708916083,"Attrited Customer",49,"F",0,"Doctorate","Unknown","Less than $40K","Blue",37,5,2,3,1749,0,1749,1.006,2510,38,0.407,0,"5"
717308433,"Attrited Customer",49,"M",5,"Uneducated","Unknown","$60K - $80K","Blue",43,3,3,3,1960,0,1960,0.493,2253,39,0.345,0,"5"
712271958,"Existing Customer",37,"M",3,"Uneducated","Unknown","$80K - $120K","Blue",36,4,2,3,9782,1793,7989,0.886,3672,75,0.923,0.183,"5"
713388108,"Attrited Customer",62,"F",0,"High School","Unknown","Less than $40K","Blue",51,4,2,3,5210,0,5210,0.64,2162,36,0.161,0,"5"
779499933,"Existing Customer",46,"M",5,"Uneducated","Unknown","$80K - $120K","Blue",28,6,1,1,34516,1259,33257,0.671,4300,94,0.741,0.036,"5"
787507833,"Existing Customer",49,"F",1,"Uneducated","Unknown","Less than $40K","Blue",38,6,2,1,3343,1820,1523,0.727,4507,63,0.703,0.544,"5"
711377808,"Existing Customer",47,"M",3,"Graduate","Unknown","$60K - $80K","Blue",36,4,3,2,21142,0,21142,0.812,4360,66,1.357,0,"5"
712723608,"Existing Customer",44,"F",3,"Uneducated","Unknown","Less than $40K","Blue",36,6,2,4,1713,0,1713,0.678,3999,66,1.062,0,"5"
780684933,"Existing Customer",49,"M",3,"High School","Unknown","$40K - $60K","Blue",38,4,1,3,3051,1783,1268,0.732,4887,69,0.725,0.584,"5"
780378633,"Existing Customer",43,"M",3,"College","Unknown","$60K - $80K","Blue",33,4,3,4,9382,1455,7927,0.482,3412,71,0.821,0.155,"5"
710644158,"Existing Customer",45,"M",3,"Graduate","Unknown","$80K - $120K","Blue",28,5,3,1,31743,1332,30411,0.665,4293,73,0.622,0.042,"5"
717095733,"Existing Customer",48,"F",4,"Unknown","Unknown","Less than $40K","Blue",29,6,3,4,3212,2517,695,0.785,4284,69,1.3,0.784,"5"
717775608,"Existing Customer",51,"M",2,"Post-Graduate","Unknown","$80K - $120K","Blue",43,4,2,0,4830,1970,2860,0.799,4850,80,0.633,0.408,"5"
709309308,"Attrited Customer",50,"M",3,"College","Unknown","$80K - $120K","Blue",37,1,3,2,27186,0,27186,0.504,1704,34,0.478,0,"5"
711721458,"Attrited Customer",50,"F",2,"Graduate","Unknown","Less than $40K","Blue",36,5,2,2,1438.3,0,1438.3,0.658,2329,43,0.593,0,"5"
718547358,"Existing Customer",60,"F",2,"Uneducated","Unknown","$40K - $60K","Blue",52,4,3,2,2676,1740,936,0.735,3863,69,0.725,0.65,"5"
718282983,"Existing Customer",60,"M",0,"College","Unknown","Less than $40K","Blue",47,6,3,3,3076,2257,819,0.795,4522,75,0.471,0.734,"5"
714917583,"Existing Customer",42,"F",2,"Doctorate","Unknown","Less than $40K","Silver",36,6,1,2,10074,1079,8995,0.813,3338,65,0.711,0.107,"5"
827968383,"Existing Customer",43,"F",3,"High School","Unknown","Less than $40K","Blue",39,5,3,2,3370,2284,1086,0.673,4084,70,0.628,0.678,"5"
764211033,"Existing Customer",50,"F",3,"Uneducated","Unknown","Less than $40K","Blue",43,6,2,1,3199,2517,682,0.699,4483,87,0.776,0.787,"5"
711741708,"Attrited Customer",41,"M",3,"Post-Graduate","Unknown","$80K - $120K","Blue",33,3,2,3,7591,0,7591,0.648,2302,42,0.5,0,"5"
792864858,"Existing Customer",47,"M",4,"Unknown","Unknown","Less than $40K","Blue",37,6,3,3,5726,834,4892,0.569,2311,58,0.487,0.146,"5"
720510333,"Existing Customer",40,"F",3,"College","Unknown","$40K - $60K","Blue",20,6,2,2,2037,1349,688,0.743,4574,84,0.714,0.662,"5"
788832033,"Existing Customer",35,"M",2,"High School","Unknown","$40K - $60K","Blue",19,4,3,3,8599,938,7661,0.537,3015,64,0.73,0.109,"5"
720867708,"Attrited Customer",45,"F",4,"Graduate","Unknown","Less than $40K","Blue",33,1,3,2,1748,1103,645,0.739,2335,41,0.708,0.631,"5"
712096758,"Existing Customer",49,"F",2,"Graduate","Unknown","$40K - $60K","Blue",36,6,3,1,5370,653,4717,0.782,4504,81,0.929,0.122,"5"
779090883,"Existing Customer",42,"F",2,"Unknown","Unknown","Less than $40K","Blue",23,6,3,1,2483,1297,1186,0.744,3478,64,0.939,0.522,"5"
719059083,"Existing Customer",45,"F",3,"High School","Unknown","Less than $40K","Blue",33,5,1,1,6225,1596,4629,0.826,4129,71,0.651,0.256,"5"
715717608,"Existing Customer",41,"F",4,"Uneducated","Unknown","Less than $40K","Blue",32,4,3,1,3189,0,3189,0.91,4813,86,0.755,0,"5"
712860858,"Existing Customer",56,"F",2,"Graduate","Unknown","Unknown","Blue",45,5,1,3,5264,0,5264,0.852,4943,70,0.795,0,"5"
758787333,"Existing Customer",52,"M",3,"Uneducated","Unknown","$120K +","Blue",45,4,1,2,18096,2404,15692,0.734,3880,68,0.478,0.133,"5"
715567608,"Existing Customer",45,"F",1,"High School","Unknown","Less than $40K","Blue",35,4,4,4,4406,1247,3159,1.037,3964,76,0.854,0.283,"5"
771431133,"Existing Customer",47,"F",4,"Graduate","Unknown","Less than $40K","Blue",35,4,2,4,1438.3,0,1438.3,0.571,3778,69,0.816,0,"5"
710626758,"Existing Customer",44,"M",4,"Uneducated","Unknown","$60K - $80K","Blue",36,6,1,3,2761,0,2761,0.619,3706,65,0.585,0,"5"
766946058,"Existing Customer",51,"F",2,"Unknown","Unknown","$40K - $60K","Blue",44,4,6,4,5489,1665,3824,0.742,4010,75,0.786,0.303,"5"
713153733,"Attrited Customer",49,"F",2,"Graduate","Unknown","Less than $40K","Blue",29,6,3,3,2520,1473,1047,0.515,2061,36,0.241,0.585,"5"
772054458,"Existing Customer",43,"M",3,"Unknown","Unknown","$60K - $80K","Blue",32,4,1,3,2476,1944,532,0.881,4025,65,0.585,0.785,"5"
771288258,"Existing Customer",48,"F",3,"Unknown","Unknown","$40K - $60K","Blue",36,6,2,2,2545,1894,651,0.911,4660,68,0.789,0.744,"5"
718524783,"Attrited Customer",40,"M",3,"High School","Unknown","$80K - $120K","Blue",34,1,3,4,29715,0,29715,0.399,2128,39,0.345,0,"5"
711654558,"Existing Customer",46,"M",3,"Graduate","Unknown","$60K - $80K","Blue",36,6,3,4,2179,1632,547,0.801,4025,69,0.683,0.749,"5"
720905133,"Attrited Customer",43,"M",3,"Graduate","Unknown","$80K - $120K","Blue",29,1,2,6,11422,1095,10327,0.773,2439,45,0.8,0.096,"5"
770828358,"Existing Customer",38,"M",1,"Graduate","Unknown","$80K - $120K","Blue",25,4,2,4,8138,0,8138,0.596,4839,61,0.649,0,"5"
716204883,"Existing Customer",53,"M",4,"College","Unknown","$60K - $80K","Blue",44,5,3,1,7026,1728,5298,0.669,3935,66,1,0.246,"5"
718522308,"Existing Customer",41,"F",3,"Post-Graduate","Unknown","$40K - $60K","Blue",29,6,1,3,14345,960,13385,0.817,4045,72,0.946,0.067,"5"
718642458,"Existing Customer",40,"M",4,"High School","Unknown","$80K - $120K","Blue",36,6,1,0,2126,1321,805,0.596,2992,72,1,0.621,"5"
716044383,"Existing Customer",41,"F",3,"High School","Unknown","Unknown","Blue",36,5,1,2,5869,0,5869,0.713,4191,65,0.857,0,"5"
712229283,"Attrited Customer",48,"F",4,"Doctorate","Unknown","Unknown","Blue",24,4,2,3,1438.3,0,1438.3,0.738,2306,46,0.484,0,"5"
709749483,"Existing Customer",40,"F",2,"Graduate","Unknown","Less than $40K","Blue",29,5,1,2,2636,1953,683,0.916,4584,70,0.591,0.741,"5"
757044033,"Existing Customer",44,"M",2,"Graduate","Unknown","$80K - $120K","Blue",37,3,1,3,1965,1021,944,0.516,3968,57,0.781,0.52,"5"
711819708,"Attrited Customer",33,"F",3,"Post-Graduate","Unknown","Unknown","Blue",25,3,2,4,4734,2517,2217,0.483,2275,55,0.897,0.532,"5"
712967508,"Existing Customer",47,"M",3,"Doctorate","Unknown","$60K - $80K","Blue",36,4,1,2,2572,1093,1479,0.615,5038,86,0.83,0.425,"5"
710231433,"Existing Customer",56,"M",1,"Uneducated","Unknown","$60K - $80K","Blue",43,5,1,4,3110,2378,732,0.974,3395,75,0.829,0.765,"5"
718767183,"Existing Customer",45,"F",4,"Post-Graduate","Unknown","Less than $40K","Blue",36,6,3,1,2192,1464,728,0.66,4905,89,0.978,0.668,"5"
789859833,"Existing Customer",41,"M",4,"Doctorate","Unknown","Less than $40K","Blue",31,6,2,1,2515,1767,748,0.665,4388,67,0.675,0.703,"5"
715340733,"Existing Customer",39,"M",1,"High School","Unknown","$40K - $60K","Blue",28,5,2,4,2222,0,2222,0.843,4792,62,0.722,0,"5"
797495958,"Existing Customer",42,"F",3,"Unknown","Unknown","$40K - $60K","Blue",36,3,2,2,3015,0,3015,0.927,4277,80,0.951,0,"5"
720364158,"Existing Customer",55,"F",3,"Graduate","Unknown","Unknown","Blue",36,4,3,3,7869,1251,6618,0.722,4314,83,0.729,0.159,"5"
713064783,"Existing Customer",60,"F",1,"Unknown","Unknown","$40K - $60K","Blue",48,3,3,4,5362,2057,3305,0.763,4205,83,0.766,0.384,"5"
710854008,"Existing Customer",48,"M",3,"Unknown","Unknown","$40K - $60K","Blue",37,3,2,4,6541,1119,5422,0.496,3902,63,0.432,0.171,"5"
771222558,"Existing Customer",45,"F",3,"Graduate","Unknown","Less than $40K","Blue",32,6,1,3,2900,2018,882,0.705,4467,79,0.756,0.696,"5"
708969633,"Existing Customer",42,"M",4,"Uneducated","Unknown","$80K - $120K","Blue",36,6,5,1,2447,2195,252,0.717,4544,80,0.667,0.897,"5"
720235608,"Existing Customer",60,"F",0,"Graduate","Unknown","Less than $40K","Blue",36,4,3,1,3828,0,3828,0.599,4470,58,0.812,0,"5"
720436008,"Existing Customer",54,"F",1,"Doctorate","Unknown","Less than $40K","Blue",43,4,6,4,5267,0,5267,0.631,4196,81,0.588,0,"5"
716402508,"Existing Customer",49,"F",3,"Graduate","Unknown","Less than $40K","Blue",36,4,3,3,2705,1681,1024,0.577,4265,87,0.776,0.621,"5"
771559158,"Existing Customer",58,"M",3,"Uneducated","Unknown","$80K - $120K","Blue",46,3,1,3,2375,1163,1212,0.917,4769,80,0.905,0.49,"5"
710138883,"Attrited Customer",47,"F",3,"Graduate","Unknown","Less than $40K","Blue",36,5,2,2,8109,0,8109,0.601,1835,43,0.344,0,"5"
711555483,"Existing Customer",43,"F",3,"High School","Unknown","Unknown","Blue",36,3,3,2,8777,2517,6260,0.696,4551,83,0.729,0.287,"5"
815525508,"Existing Customer",46,"F",3,"High School","Unknown","Less than $40K","Blue",41,2,1,4,1515,0,1515,0.819,3894,60,0.818,0,"5"
713826183,"Attrited Customer",41,"M",3,"High School","Unknown","$40K - $60K","Blue",33,4,3,4,1639,0,1639,0.481,2242,44,0.571,0,"5"
708584208,"Attrited Customer",36,"F",2,"Graduate","Unknown","Less than $40K","Blue",36,5,2,4,3111,2517,594,0.646,2367,41,0.519,0.809,"5"
767280633,"Existing Customer",46,"F",2,"Graduate","Unknown","Less than $40K","Blue",39,5,2,2,3003,1454,1549,0.595,4378,96,0.548,0.484,"5"
787261008,"Existing Customer",43,"M",1,"Post-Graduate","Unknown","$60K - $80K","Blue",37,4,3,4,4112,1128,2984,0.587,4446,75,0.667,0.274,"5"
809582058,"Existing Customer",48,"M",2,"Unknown","Unknown","$40K - $60K","Blue",43,5,2,2,1761,1249,512,0.936,4410,73,0.622,0.709,"5"
779491908,"Existing Customer",47,"F",4,"Post-Graduate","Unknown","Unknown","Blue",29,5,2,1,8644,1391,7253,0.896,4272,59,0.686,0.161,"5"
779307558,"Existing Customer",53,"F",1,"College","Unknown","$40K - $60K","Blue",35,4,3,3,3585,0,3585,0.782,4806,81,0.653,0,"5"
783500283,"Existing Customer",62,"M",0,"Graduate","Unknown","$80K - $120K","Blue",56,5,3,2,29100,1228,27872,0.722,5041,74,0.805,0.042,"5"
720531633,"Attrited Customer",55,"F",1,"Graduate","Unknown","Less than $40K","Blue",36,4,2,2,3552,2517,1035,0.865,2665,36,0.333,0.709,"5"
708794133,"Existing Customer",46,"F",4,"High School","Unknown","Less than $40K","Blue",37,3,1,4,2533,2136,397,0.757,3197,50,1.174,0.843,"5"
714140133,"Existing Customer",42,"F",4,"Graduate","Unknown","Less than $40K","Blue",32,3,1,2,2314,1547,767,0.804,4678,74,1,0.669,"5"
780086658,"Attrited Customer",43,"M",4,"Doctorate","Unknown","$60K - $80K","Blue",28,3,2,4,18229,0,18229,0.544,2060,39,0.625,0,"5"
827635083,"Existing Customer",59,"F",0,"Graduate","Unknown","Unknown","Blue",55,4,3,3,1438.3,755,683.3,0.62,4222,75,0.744,0.525,"5"
812488608,"Existing Customer",44,"F",3,"College","Unknown","Less than $40K","Blue",39,6,1,3,5024,2209,2815,0.66,4908,73,0.659,0.44,"5"
772172883,"Existing Customer",46,"F",2,"Uneducated","Unknown","$40K - $60K","Blue",35,6,2,1,6145,1349,4796,0.971,4893,93,0.824,0.22,"5"
806219808,"Existing Customer",52,"M",3,"College","Unknown","$120K +","Blue",47,5,6,3,5119,1972,3147,0.835,5146,88,0.956,0.385,"5"
775152708,"Attrited Customer",49,"M",3,"Post-Graduate","Unknown","$80K - $120K","Blue",39,2,3,4,20769,901,19868,0.371,1835,43,0.72,0.043,"5"
708837858,"Existing Customer",44,"F",4,"Doctorate","Unknown","Less than $40K","Blue",34,5,2,2,2718,1718,1000,0.679,4423,68,0.619,0.632,"5"
756989583,"Existing Customer",41,"M",4,"Graduate","Unknown","$40K - $60K","Blue",24,4,2,2,1605,0,1605,0.637,4418,68,0.659,0,"5"
711278283,"Existing Customer",61,"F",1,"High School","Unknown","Less than $40K","Blue",50,5,1,2,8604,1075,7529,0.464,4705,65,0.806,0.125,"5"
719962458,"Existing Customer",44,"F",2,"Graduate","Unknown","Less than $40K","Blue",34,3,2,2,2561,1491,1070,0.733,4869,70,0.522,0.582,"5"
771403008,"Existing Customer",52,"M",2,"Graduate","Unknown","$60K - $80K","Blue",40,4,1,3,7215,0,7215,0.829,4409,75,0.974,0,"5"
770740308,"Existing Customer",49,"F",4,"Graduate","Unknown","$40K - $60K","Blue",35,3,3,2,2631,1699,932,0.668,4691,92,0.704,0.646,"5"
787493808,"Attrited Customer",48,"F",4,"Graduate","Unknown","Less than $40K","Blue",36,5,2,2,2700,2480,220,0.686,2396,49,0.531,0.919,"5"
715297908,"Attrited Customer",41,"F",4,"College","Unknown","Unknown","Blue",22,4,2,3,1438.3,1125,313.3,0.611,2534,52,0.486,0.782,"5"
719042208,"Existing Customer",43,"M",4,"Doctorate","Unknown","$60K - $80K","Blue",33,4,3,4,2067,1250,817,0.891,4565,65,0.806,0.605,"5"
788874333,"Existing Customer",55,"M",3,"Post-Graduate","Unknown","$120K +","Blue",40,3,1,4,15631,1305,14326,0.668,4313,67,0.914,0.083,"5"
716178483,"Existing Customer",41,"F",4,"Uneducated","Unknown","$40K - $60K","Blue",29,4,3,2,2430,0,2430,0.569,4334,71,0.578,0,"5"
711535158,"Attrited Customer",46,"F",1,"College","Unknown","Unknown","Blue",35,5,3,3,2197,461,1736,0.636,1955,42,0.448,0.21,"5"
712886733,"Existing Customer",44,"F",1,"Graduate","Unknown","Less than $40K","Blue",32,3,3,3,1780,1338,442,0.966,4268,87,0.673,0.752,"5"
720473433,"Existing Customer",59,"F",1,"Graduate","Unknown","Less than $40K","Blue",36,5,1,3,2621,2486,135,0.755,4955,78,0.733,0.948,"5"
780584658,"Attrited Customer",33,"F",2,"Uneducated","Unknown","$40K - $60K","Blue",22,4,2,2,1843,1293,550,0.349,2077,61,0.694,0.702,"5"
709688883,"Attrited Customer",45,"M",3,"High School","Unknown","$80K - $120K","Blue",36,4,3,2,3845,0,3845,0.595,2174,39,0.393,0,"5"
709430508,"Attrited Customer",40,"M",4,"High School","Unknown","$40K - $60K","Blue",32,1,2,3,7316,1335,5981,0.563,1849,50,0.471,0.182,"5"
710086308,"Existing Customer",46,"F",4,"High School","Unknown","$40K - $60K","Blue",38,6,2,0,3645,1179,2466,0.559,4680,87,0.933,0.323,"5"
778289883,"Attrited Customer",42,"F",2,"Graduate","Unknown","Less than $40K","Blue",32,3,3,3,1507,0,1507,0.806,2528,41,0.64,0,"5"
712173108,"Existing Customer",48,"F",1,"Unknown","Unknown","$40K - $60K","Blue",36,3,1,3,2447,1991,456,0.719,4228,82,0.708,0.814,"5"
714771708,"Existing Customer",36,"F",0,"College","Unknown","Unknown","Blue",26,5,3,3,4692,0,4692,0.837,4281,69,0.643,0,"5"
820268358,"Existing Customer",48,"F",4,"Post-Graduate","Unknown","Less than $40K","Blue",43,4,1,3,2357,1462,895,0.734,4534,75,1.027,0.62,"5"
719216508,"Existing Customer",55,"F",1,"Unknown","Unknown","Less than $40K","Blue",36,5,2,1,3258,2517,741,0.985,4960,77,0.75,0.773,"5"
718202658,"Existing Customer",47,"M",3,"Graduate","Unknown","$120K +","Blue",36,3,2,3,9397,795,8602,0.749,5265,98,0.581,0.085,"5"
789392883,"Existing Customer",38,"F",3,"Post-Graduate","Unknown","Less than $40K","Blue",29,4,1,0,1878,1247,631,0.67,4650,71,0.614,0.664,"5"
711907083,"Existing Customer",53,"M",1,"High School","Unknown","$80K - $120K","Blue",36,3,3,4,14111,1034,13077,0.505,2950,64,0.684,0.073,"5"
719545983,"Existing Customer",31,"F",2,"Post-Graduate","Unknown","Unknown","Blue",13,5,3,3,13882,0,13882,0.87,4798,82,0.822,0,"5"
716494383,"Existing Customer",49,"F",3,"Graduate","Unknown","$40K - $60K","Blue",41,3,2,2,3585,931,2654,0.62,4399,78,0.733,0.26,"5"
710595783,"Existing Customer",46,"F",3,"Graduate","Unknown","Unknown","Blue",39,4,1,2,6644,2082,4562,0.915,4659,76,0.854,0.313,"5"
796931508,"Attrited Customer",42,"M",4,"High School","Unknown","$60K - $80K","Blue",36,4,3,4,1871,0,1871,0.73,2593,48,0.548,0,"5"
714031083,"Attrited Customer",46,"F",3,"Graduate","Unknown","Unknown","Blue",30,3,2,1,8869,0,8869,0.413,1935,40,0.429,0,"5"
718757808,"Existing Customer",56,"F",1,"Uneducated","Unknown","$40K - $60K","Blue",46,4,3,3,2929,1287,1642,0.497,3875,67,0.595,0.439,"5"
709165533,"Existing Customer",47,"M",3,"Doctorate","Unknown","$120K +","Blue",41,6,2,2,6143,1151,4992,0.866,4330,72,0.895,0.187,"5"
708427908,"Existing Customer",52,"F",4,"College","Unknown","Less than $40K","Blue",39,6,3,1,2035,1343,692,0.835,4643,86,0.686,0.66,"5"
714688833,"Existing Customer",47,"F",2,"High School","Unknown","Less than $40K","Blue",36,4,2,2,3139,0,3139,0.728,4892,95,0.827,0,"5"
715774833,"Existing Customer",41,"F",2,"Doctorate","Unknown","Less than $40K","Blue",36,4,1,2,1801,940,861,0.594,3797,74,0.721,0.522,"5"
720008133,"Existing Customer",45,"F",4,"Graduate","Unknown","Unknown","Blue",36,4,1,3,3416,727,2689,0.58,4121,83,0.729,0.213,"5"
719531133,"Existing Customer",46,"F",4,"Unknown","Unknown","$40K - $60K","Blue",38,4,2,3,2505,0,2505,0.8,4384,80,0.86,0,"5"
785262333,"Attrited Customer",46,"M",5,"Uneducated","Unknown","$40K - $60K","Blue",40,5,4,3,6185,1960,4225,0.669,2225,45,0.875,0.317,"5"
789575583,"Existing Customer",43,"F",2,"Uneducated","Unknown","Unknown","Blue",36,5,1,0,6931,1380,5551,0.795,4437,64,0.882,0.199,"5"
710587458,"Existing Customer",34,"M",2,"High School","Unknown","$80K - $120K","Blue",22,4,3,2,11154,1612,9542,0.633,4339,77,1.026,0.145,"5"
709176108,"Existing Customer",56,"F",4,"Post-Graduate","Unknown","Less than $40K","Blue",49,5,3,3,4604,621,3983,0.814,4586,79,0.646,0.135,"5"
714738858,"Existing Customer",52,"F",1,"Graduate","Unknown","Less than $40K","Blue",36,6,1,3,2873,1714,1159,0.796,4620,81,0.884,0.597,"5"
711351108,"Existing Customer",44,"F",3,"High School","Unknown","Less than $40K","Blue",36,3,3,2,2608,1804,804,0.847,4671,61,0.694,0.692,"5"
772220433,"Existing Customer",44,"M",3,"College","Unknown","$60K - $80K","Blue",33,6,3,2,15468,1187,14281,0.93,4484,81,0.841,0.077,"5"
778732158,"Existing Customer",50,"F",3,"Uneducated","Unknown","Unknown","Blue",30,4,1,3,1507,0,1507,0.648,4037,83,0.729,0,"5"
708504783,"Existing Customer",47,"M",3,"Uneducated","Unknown","$40K - $60K","Blue",36,3,3,3,10960,1333,9627,0.678,3480,62,0.632,0.122,"5"
716303583,"Existing Customer",55,"F",2,"Graduate","Unknown","Less than $40K","Blue",36,5,1,2,2712,1617,1095,0.715,4858,73,0.738,0.596,"5"
778550583,"Existing Customer",43,"F",1,"High School","Unknown","$40K - $60K","Blue",35,6,3,2,1766,0,1766,0.779,4808,87,0.673,0,"5"
711181608,"Existing Customer",50,"F",2,"Graduate","Unknown","Less than $40K","Blue",40,3,2,3,1606,0,1606,0.824,4129,68,0.744,0,"5"
711790308,"Attrited Customer",54,"F",0,"High School","Unknown","Less than $40K","Blue",34,4,3,3,2223,632,1591,0.665,2538,49,0.581,0.284,"5"
712637283,"Existing Customer",36,"F",2,"Unknown","Unknown","Less than $40K","Blue",28,6,1,2,2169,1602,567,0.668,5182,78,0.814,0.739,"5"
708689958,"Existing Customer",48,"F",4,"Unknown","Unknown","Less than $40K","Blue",36,4,3,2,2406,1744,662,0.694,4748,88,0.692,0.725,"5"
720269283,"Existing Customer",48,"F",3,"Unknown","Unknown","$40K - $60K","Blue",33,3,2,2,2485,1651,834,1.1,4351,86,0.83,0.664,"5"
709054083,"Existing Customer",50,"F",1,"Graduate","Unknown","Less than $40K","Blue",32,6,1,3,2652,1911,741,0.831,4816,79,0.881,0.721,"5"
712891833,"Existing Customer",45,"F",2,"Graduate","Unknown","Less than $40K","Blue",36,3,1,1,2723,1902,821,0.723,3875,84,0.75,0.698,"5"
710508858,"Existing Customer",44,"F",2,"High School","Unknown","Less than $40K","Blue",34,5,1,3,3226,2517,709,0.818,4317,81,0.884,0.78,"5"
710853033,"Existing Customer",36,"F",1,"Doctorate","Unknown","Less than $40K","Blue",36,3,2,2,4943,1204,3739,0.417,4024,82,0.783,0.244,"5"
709548783,"Attrited Customer",44,"M",2,"Doctorate","Unknown","$40K - $60K","Blue",36,5,3,4,1438.3,0,1438.3,0.602,2100,54,0.588,0,"5"
815320383,"Attrited Customer",46,"F",3,"Unknown","Unknown","Less than $40K","Blue",41,5,3,2,4710,0,4710,0.717,2690,43,0.955,0,"5"
710040483,"Existing Customer",37,"M",3,"Uneducated","Unknown","$60K - $80K","Blue",26,6,2,1,14485,2124,12361,0.527,3895,87,0.776,0.147,"5"
720219633,"Existing Customer",52,"F",0,"Graduate","Unknown","$40K - $60K","Blue",42,4,3,2,2723,1544,1179,0.794,4108,70,1.258,0.567,"5"
789052308,"Attrited Customer",40,"M",3,"Graduate","Unknown","$40K - $60K","Blue",28,6,2,2,4323,0,4323,0.817,2451,38,0.727,0,"5"
773332908,"Existing Customer",48,"M",4,"High School","Unknown","$60K - $80K","Blue",30,3,3,2,14670,1900,12770,0.806,4221,83,0.766,0.13,"5"
712507758,"Existing Customer",36,"F",2,"College","Unknown","Unknown","Blue",24,6,3,3,3448,1903,1545,0.841,5471,87,0.642,0.552,"5"
787747308,"Attrited Customer",49,"F",4,"Uneducated","Unknown","Less than $40K","Blue",39,6,3,2,3468,2517,951,0.746,2494,39,0.345,0.726,"5"
779104608,"Attrited Customer",34,"F",3,"High School","Unknown","Unknown","Blue",15,5,1,3,1438.3,0,1438.3,0.689,2819,48,0.6,0,"5"
715477233,"Existing Customer",55,"F",1,"High School","Unknown","Unknown","Blue",36,3,2,3,6968,1430,5538,0.95,4037,69,1.029,0.205,"5"
780076833,"Existing Customer",44,"M",1,"Unknown","Unknown","$80K - $120K","Blue",29,6,1,2,8315,1008,7307,0.718,4088,66,0.61,0.121,"5"
720933408,"Existing Customer",56,"F",2,"Uneducated","Unknown","Less than $40K","Blue",36,3,1,2,8438,1825,6613,0.589,4798,89,0.712,0.216,"5"
719534058,"Existing Customer",26,"F",0,"Graduate","Unknown","Less than $40K","Blue",14,3,2,1,2163,1942,221,0.582,4380,57,0.781,0.898,"5"
710783358,"Existing Customer",46,"M",3,"High School","Unknown","$80K - $120K","Blue",35,5,3,2,2570,1764,806,0.786,4442,85,0.771,0.686,"5"
713710383,"Existing Customer",43,"M",2,"High School","Unknown","$80K - $120K","Blue",30,4,2,1,18008,2517,15491,0.775,2659,55,0.833,0.14,"5"
720924633,"Existing Customer",40,"F",5,"Graduate","Unknown","Less than $40K","Blue",27,4,2,1,1438.3,0,1438.3,0.984,4397,73,0.553,0,"5"
709231683,"Existing Customer",36,"F",2,"Graduate","Unknown","$40K - $60K","Blue",23,6,2,3,2024,901,1123,0.659,4861,84,0.75,0.445,"5"
714894708,"Attrited Customer",53,"M",1,"Uneducated","Unknown","$120K +","Blue",45,4,4,2,23958,2517,21441,0.702,2777,45,0.552,0.105,"5"
770956158,"Existing Customer",43,"F",4,"Graduate","Unknown","Less than $40K","Blue",30,3,2,1,2397,2151,246,0.839,4140,68,0.744,0.897,"5"
711020358,"Existing Customer",52,"F",3,"Uneducated","Unknown","$40K - $60K","Blue",36,5,2,2,2498,1650,848,0.673,4434,79,0.837,0.661,"5"
716485308,"Existing Customer",43,"F",2,"Unknown","Unknown","Less than $40K","Blue",36,4,3,3,1780,1541,239,0.839,5008,93,0.722,0.866,"5"
716245833,"Existing Customer",62,"M",1,"Graduate","Unknown","Less than $40K","Blue",36,6,3,2,2856,2517,339,0.615,4473,67,0.489,0.881,"5"
714658233,"Existing Customer",46,"F",5,"High School","Unknown","Less than $40K","Blue",37,4,3,3,1438.3,725,713.3,0.715,3916,79,0.795,0.504,"5"
720831783,"Existing Customer",50,"F",0,"High School","Unknown","Less than $40K","Blue",36,3,2,1,2242,888,1354,0.661,4708,81,0.558,0.396,"5"
719231583,"Existing Customer",61,"M",1,"Graduate","Unknown","$60K - $80K","Blue",49,6,2,2,16929,1838,15091,0.551,4799,79,0.519,0.109,"5"
714266883,"Attrited Customer",54,"F",4,"Post-Graduate","Unknown","Less than $40K","Blue",44,5,3,3,2440,503,1937,0.415,2334,51,0.594,0.206,"5"
785351133,"Existing Customer",61,"F",1,"Graduate","Unknown","$40K - $60K","Blue",55,4,3,3,1438.3,0,1438.3,0.573,4518,81,0.723,0,"5"
799031958,"Existing Customer",49,"M",2,"Unknown","Unknown","$80K - $120K","Blue",43,5,2,2,18379,999,17380,0.466,4122,70,0.707,0.054,"5"
814529508,"Existing Customer",39,"F",3,"High School","Unknown","Unknown","Blue",34,4,3,2,15370,686,14684,0.81,4106,71,1.029,0.045,"5"
794068308,"Existing Customer",45,"M",4,"Unknown","Unknown","$40K - $60K","Gold",39,5,1,2,23981,1684,22297,0.736,4141,73,0.521,0.07,"5"
719420883,"Attrited Customer",56,"F",4,"Graduate","Unknown","Less than $40K","Blue",44,5,3,3,1677,0,1677,0.835,2477,45,0.324,0,"5"
716919633,"Existing Customer",58,"F",1,"Uneducated","Unknown","$40K - $60K","Blue",39,5,1,1,2406,0,2406,1.016,4450,73,0.698,0,"5"
712329933,"Attrited Customer",47,"F",1,"High School","Unknown","Less than $40K","Blue",41,6,3,2,3654,0,3654,0.63,1998,44,0.467,0,"5"
714965958,"Existing Customer",47,"F",4,"Post-Graduate","Unknown","$40K - $60K","Blue",36,6,2,3,2216,1800,416,0.751,4711,83,0.694,0.812,"5"
789996783,"Existing Customer",36,"F",3,"Uneducated","Unknown","Unknown","Blue",28,5,3,2,5393,2509,2884,0.679,4769,102,0.729,0.465,"5"
712220283,"Existing Customer",37,"M",2,"Graduate","Unknown","$80K - $120K","Blue",28,3,2,3,12222,0,12222,0.861,4215,63,0.537,0,"5"
802822833,"Existing Customer",51,"M",3,"Uneducated","Unknown","$80K - $120K","Blue",45,5,2,2,21328,0,21328,0.783,3825,76,0.949,0,"5"
715395933,"Existing Customer",44,"F",3,"College","Unknown","Unknown","Blue",35,5,2,2,11238,2336,8902,0.911,5302,70,0.892,0.208,"5"
709375158,"Existing Customer",29,"F",1,"Unknown","Unknown","Unknown","Blue",36,6,3,2,7270,1835,5435,0.86,3759,69,0.917,0.252,"5"
779508333,"Existing Customer",63,"M",0,"Unknown","Unknown","$60K - $80K","Blue",46,6,2,2,23925,1494,22431,0.704,3677,55,0.719,0.062,"5"
720210483,"Existing Customer",43,"F",3,"High School","Unknown","Unknown","Blue",28,6,2,3,6720,2143,4577,0.814,5049,85,0.735,0.319,"5"
789331908,"Existing Customer",40,"F",3,"High School","Unknown","Less than $40K","Blue",30,5,2,2,8793,918,7875,0.471,5342,64,0.684,0.104,"5"
713508333,"Existing Customer",43,"F",4,"College","Unknown","Less than $40K","Blue",33,5,4,3,1884,1216,668,0.945,4591,85,0.735,0.645,"5"
789241308,"Attrited Customer",54,"F",2,"Unknown","Unknown","Less than $40K","Blue",39,4,3,3,1438.3,0,1438.3,0.72,2145,41,0.519,0,"5"
713941158,"Existing Customer",47,"F",1,"High School","Unknown","Less than $40K","Blue",36,6,5,1,5222,2517,2705,0.569,4433,81,0.588,0.482,"5"
771219033,"Existing Customer",42,"M",1,"Uneducated","Unknown","$80K - $120K","Blue",29,4,3,3,17506,1979,15527,0.447,4199,73,0.659,0.113,"5"
719350908,"Existing Customer",43,"M",4,"Unknown","Unknown","Less than $40K","Blue",35,3,3,2,4177,2094,2083,0.466,3553,66,0.65,0.501,"5"
714196008,"Existing Customer",43,"M",2,"Graduate","Unknown","$60K - $80K","Blue",25,5,3,1,7534,0,7534,0.587,4685,79,0.975,0,"5"
780272208,"Existing Customer",39,"F",1,"Graduate","Unknown","Less than $40K","Blue",25,4,2,3,2006,1197,809,0.877,4139,69,0.769,0.597,"5"
709668408,"Existing Customer",56,"F",1,"Graduate","Unknown","$40K - $60K","Blue",36,5,4,1,5204,0,5204,1.008,5285,82,0.864,0,"5"
712399308,"Attrited Customer",38,"F",3,"High School","Unknown","Less than $40K","Blue",36,5,3,3,2989,2387,602,0.437,2143,67,0.558,0.799,"5"
710888883,"Existing Customer",37,"F",3,"High School","Unknown","Less than $40K","Blue",36,6,4,2,1438.3,636,802.3,0.838,4824,83,0.766,0.442,"5"
780814158,"Existing Customer",57,"F",3,"High School","Unknown","Less than $40K","Blue",39,6,4,2,2781,992,1789,0.701,4577,81,0.929,0.357,"5"
721011858,"Existing Customer",63,"M",1,"Graduate","Unknown","Less than $40K","Blue",52,6,3,3,1438.3,0,1438.3,0.854,3913,78,0.5,0,"5"
713261133,"Attrited Customer",38,"M",4,"Graduate","Unknown","$60K - $80K","Blue",22,5,2,3,8632,0,8632,0.395,2221,40,0.739,0,"5"
709411383,"Existing Customer",45,"M",2,"Uneducated","Unknown","$40K - $60K","Blue",37,6,4,1,2811,1630,1181,0.847,4275,78,0.733,0.58,"5"
713930433,"Attrited Customer",57,"M",2,"Uneducated","Unknown","$80K - $120K","Blue",36,5,3,3,4316,0,4316,0.363,1920,53,0.472,0,"5"
716709858,"Attrited Customer",34,"F",1,"Uneducated","Unknown","Less than $40K","Blue",25,1,2,3,3074,0,3074,0.718,2721,54,0.688,0,"5"
717637908,"Existing Customer",36,"F",2,"College","Unknown","Less than $40K","Blue",23,4,3,3,1924,971,953,0.806,4951,96,0.6,0.505,"5"
713247408,"Existing Customer",51,"F",3,"Uneducated","Unknown","Less than $40K","Blue",36,3,1,2,1750,813,937,0.76,4333,68,0.7,0.465,"5"
771408483,"Existing Customer",48,"M",5,"Unknown","Unknown","$60K - $80K","Blue",36,4,1,2,4100,1956,2144,0.617,3584,61,0.743,0.477,"5"
803115258,"Attrited Customer",62,"M",0,"College","Unknown","$40K - $60K","Blue",56,2,6,2,3477,0,3477,0.436,2113,40,0.739,0,"5"
713047608,"Attrited Customer",40,"F",2,"College","Unknown","Less than $40K","Blue",36,6,1,3,2387,2013,374,0.449,2134,41,0.952,0.843,"5"
713058858,"Attrited Customer",54,"F",2,"Graduate","Unknown","Less than $40K","Blue",46,5,3,2,1695,913,782,0.449,2130,48,0.5,0.539,"5"
809811858,"Attrited Customer",43,"M",5,"High School","Unknown","$80K - $120K","Blue",38,3,3,2,1504,0,1504,0.987,2530,43,0.344,0,"5"
711765708,"Existing Customer",39,"F",1,"Graduate","Unknown","Less than $40K","Blue",36,3,4,1,6690,1912,4778,0.609,3875,60,0.538,0.286,"5"
783393633,"Existing Customer",46,"M",3,"Graduate","Unknown","$80K - $120K","Blue",37,6,4,3,1530,0,1530,0.635,4256,78,0.773,0,"5"
710989008,"Existing Customer",38,"M",1,"Graduate","Unknown","$40K - $60K","Blue",27,5,6,0,13100,1436,11664,0.519,3201,78,0.5,0.11,"5"
711459483,"Existing Customer",43,"F",3,"High School","Unknown","Less than $40K","Blue",36,6,2,3,2242,0,2242,0.658,4845,66,0.941,0,"5"
717107808,"Existing Customer",48,"F",1,"Uneducated","Unknown","$40K - $60K","Blue",39,6,4,2,1438.3,1218,220.3,0.752,4600,76,0.617,0.847,"5"
713564208,"Existing Customer",34,"F",1,"Graduate","Unknown","Less than $40K","Blue",23,4,1,1,2207,1527,680,0.861,4159,64,1.133,0.692,"5"
710436108,"Existing Customer",41,"M",4,"High School","Unknown","$40K - $60K","Blue",29,5,4,2,3600,746,2854,0.824,4184,61,0.694,0.207,"5"
711540108,"Attrited Customer",44,"F",4,"Doctorate","Unknown","Unknown","Blue",33,5,3,6,1438.3,0,1438.3,0.676,2316,48,0.5,0,"5"
717870108,"Existing Customer",46,"F",4,"Unknown","Unknown","$40K - $60K","Blue",37,6,4,2,1912,1172,740,0.827,4841,81,0.884,0.613,"5"
778933983,"Existing Customer",55,"F",0,"Uneducated","Unknown","Unknown","Blue",39,4,3,3,11249,2012,9237,0.659,3882,55,0.964,0.179,"5"
718572408,"Existing Customer",45,"F",5,"Post-Graduate","Unknown","Less than $40K","Blue",36,5,2,3,2658,694,1964,0.722,4774,92,0.769,0.261,"5"
749571633,"Existing Customer",44,"F",2,"College","Unknown","Unknown","Blue",37,4,3,3,5589,1336,4253,0.944,4262,75,1.027,0.239,"5"
819200133,"Existing Customer",44,"M",3,"Graduate","Unknown","$60K - $80K","Blue",39,5,4,3,2991,642,2349,0.76,4646,62,0.55,0.215,"5"
710410158,"Attrited Customer",49,"M",2,"Graduate","Unknown","$80K - $120K","Blue",38,3,4,3,34516,0,34516,0.482,1592,35,0.346,0,"5"
712602708,"Attrited Customer",36,"M",3,"Unknown","Unknown","$80K - $120K","Blue",36,4,1,2,1815,0,1815,0.478,2039,34,0.36,0,"5"
820047858,"Attrited Customer",44,"F",4,"Graduate","Unknown","Less than $40K","Blue",39,1,4,2,3017,1868,1149,0.722,2096,50,0.471,0.619,"5"
715197633,"Existing Customer",43,"M",3,"Uneducated","Unknown","$40K - $60K","Blue",38,5,4,2,9449,1914,7535,0.87,4658,93,0.722,0.203,"5"
716930133,"Existing Customer",43,"F",3,"High School","Unknown","Less than $40K","Blue",36,3,3,2,1824,0,1824,0.797,4594,86,0.654,0,"5"
715565058,"Existing Customer",27,"F",1,"Uneducated","Unknown","Less than $40K","Blue",16,3,1,2,1438.3,0,1438.3,0.469,4479,70,0.628,0,"5"
709664658,"Existing Customer",40,"M",4,"Unknown","Unknown","$80K - $120K","Blue",27,4,3,2,22863,927,21936,0.569,4071,69,0.725,0.041,"5"
717343833,"Existing Customer",47,"F",5,"Uneducated","Unknown","Unknown","Blue",34,4,1,3,3127,2094,1033,0.709,4518,86,0.83,0.67,"5"
720003558,"Existing Customer",43,"F",1,"Graduate","Unknown","Less than $40K","Blue",32,4,4,3,1834,1416,418,0.868,5653,79,0.927,0.772,"5"
819688458,"Attrited Customer",44,"F",5,"Graduate","Unknown","Less than $40K","Blue",39,6,3,2,1545,0,1545,0.749,2646,39,0.444,0,"5"
716891583,"Existing Customer",41,"F",3,"High School","Unknown","Less than $40K","Blue",36,5,2,0,1867,970,897,0.828,4537,60,1,0.52,"5"
823609383,"Existing Customer",43,"F",4,"College","Unknown","$40K - $60K","Blue",39,4,1,3,1438.3,0,1438.3,0.68,4528,83,1.128,0,"5"
822121608,"Existing Customer",46,"M",2,"High School","Unknown","$60K - $80K","Blue",42,3,3,2,7116,693,6423,0.759,4759,81,0.841,0.097,"5"
779858058,"Existing Customer",34,"F",2,"Graduate","Unknown","Less than $40K","Blue",18,4,1,3,2730,0,2730,0.648,4530,72,0.714,0,"5"
710423358,"Existing Customer",35,"F",1,"College","Unknown","Unknown","Blue",29,4,3,3,1438.3,966,472.3,0.871,5249,81,0.761,0.672,"5"
708291633,"Existing Customer",33,"F",2,"Doctorate","Unknown","Unknown","Blue",21,3,3,3,4651,2499,2152,0.766,5097,79,0.795,0.537,"5"
772150983,"Attrited Customer",48,"F",3,"High School","Unknown","Less than $40K","Blue",37,4,2,1,2363,978,1385,0.662,2635,40,0.538,0.414,"5"
717945108,"Existing Customer",49,"F",3,"Graduate","Unknown","$40K - $60K","Blue",36,6,1,2,3088,1477,1611,0.748,5095,77,0.833,0.478,"5"
790017858,"Existing Customer",47,"F",3,"Post-Graduate","Unknown","$40K - $60K","Blue",36,6,1,2,3979,1319,2660,0.85,4598,67,0.634,0.331,"5"
710115108,"Existing Customer",45,"F",2,"Graduate","Unknown","$40K - $60K","Blue",37,5,2,3,5562,1556,4006,0.751,4568,76,0.767,0.28,"5"
713920158,"Attrited Customer",41,"F",3,"Uneducated","Unknown","Unknown","Blue",36,2,3,1,13733,0,13733,0.325,1591,30,0.875,0,"5"
710897133,"Existing Customer",51,"F",3,"Unknown","Unknown","Less than $40K","Blue",36,5,2,2,2267,1357,910,0.697,4464,85,0.735,0.599,"5"
720328008,"Existing Customer",57,"F",1,"High School","Unknown","$40K - $60K","Blue",42,3,1,1,2542,1884,658,0.715,4518,88,1.095,0.741,"5"
717985158,"Existing Customer",47,"M",2,"Graduate","Unknown","$40K - $60K","Blue",37,3,3,1,2335,1373,962,0.876,4267,81,0.653,0.588,"5"
714127383,"Attrited Customer",48,"F",3,"Unknown","Unknown","Unknown","Blue",36,3,3,2,4431,2517,1914,0.499,2185,48,0.371,0.568,"5"
797666358,"Existing Customer",46,"F",4,"Uneducated","Unknown","$40K - $60K","Blue",40,6,3,1,1474,843,631,0.751,4452,65,1.097,0.572,"5"
714506583,"Existing Customer",48,"F",4,"Graduate","Unknown","Less than $40K","Blue",38,4,3,1,1438.3,0,1438.3,0.647,4601,78,0.625,0,"5"
708450033,"Existing Customer",43,"F",3,"High School","Unknown","Less than $40K","Blue",13,6,2,1,2605,2269,336,0.881,5298,79,0.837,0.871,"5"
789772983,"Existing Customer",49,"M",3,"College","Unknown","$80K - $120K","Blue",38,3,3,3,4694,0,4694,0.582,3798,56,1.24,0,"5"
771592458,"Existing Customer",48,"F",1,"Graduate","Unknown","Less than $40K","Blue",36,6,2,3,1708,1059,649,0.764,4880,79,0.795,0.62,"5"
711452583,"Existing Customer",43,"F",4,"Graduate","Unknown","Unknown","Blue",36,6,5,1,2778,2517,261,0.796,4575,60,0.714,0.906,"5"
720374808,"Existing Customer",41,"F",2,"Unknown","Unknown","Less than $40K","Blue",34,6,3,3,2864,1928,936,0.769,4641,78,0.66,0.673,"5"
714702033,"Existing Customer",43,"F",4,"Graduate","Unknown","Less than $40K","Blue",34,5,3,3,1971,979,992,1.024,5446,75,0.974,0.497,"5"
826480308,"Existing Customer",53,"M",3,"Graduate","Unknown","$80K - $120K","Blue",49,5,2,1,4778,1869,2909,0.743,5489,74,0.805,0.391,"5"
709952658,"Existing Customer",46,"F",3,"Graduate","Unknown","Less than $40K","Blue",33,6,3,2,3025,2491,534,0.45,4460,62,0.722,0.823,"5"
712770408,"Attrited Customer",42,"F",2,"Graduate","Unknown","Less than $40K","Blue",36,6,3,2,3413,0,3413,0.593,2285,40,0.429,0,"5"
721246833,"Existing Customer",47,"F",3,"Unknown","Unknown","Less than $40K","Blue",36,6,2,3,1953,1089,864,0.859,4636,70,0.707,0.558,"5"
710752233,"Attrited Customer",43,"F",5,"High School","Unknown","$40K - $60K","Blue",24,3,2,2,4430,2203,2227,1.046,2742,49,0.4,0.497,"5"
709813008,"Existing Customer",44,"F",3,"High School","Unknown","Less than $40K","Blue",35,5,3,0,3398,2415,983,0.891,4509,93,0.661,0.711,"5"
788885133,"Existing Customer",57,"F",3,"College","Unknown","Less than $40K","Silver",42,6,1,1,12675,2422,10253,0.642,3912,63,0.575,0.191,"5"
715932708,"Existing Customer",41,"M",3,"Unknown","Unknown","$60K - $80K","Blue",36,4,3,1,5813,1614,4199,0.696,4365,75,0.875,0.278,"5"
710612583,"Existing Customer",52,"M",4,"High School","Unknown","$60K - $80K","Blue",36,6,3,2,2597,1740,857,0.71,5037,80,0.778,0.67,"5"
720592533,"Attrited Customer",41,"M",4,"Graduate","Unknown","$80K - $120K","Blue",31,3,3,2,19782,868,18914,0.808,2535,44,0.467,0.044,"5"
806970033,"Existing Customer",48,"M",3,"High School","Unknown","$40K - $60K","Blue",43,2,2,3,1753,1434,319,0.805,4588,77,1.026,0.818,"5"
794719983,"Attrited Customer",44,"F",4,"High School","Unknown","Less than $40K","Blue",38,2,2,3,2616,2505,111,0.828,2576,42,0.5,0.958,"5"
719112258,"Existing Customer",42,"M",4,"College","Unknown","$60K - $80K","Blue",35,3,3,3,2516,1360,1156,1.193,4692,79,0.681,0.541,"5"
710740008,"Existing Customer",57,"M",1,"Graduate","Unknown","$80K - $120K","Blue",39,3,1,1,1438.3,641,797.3,0.66,5140,82,0.519,0.446,"5"
710675508,"Existing Customer",40,"F",3,"College","Unknown","Unknown","Blue",28,2,3,1,2321,1190,1131,0.736,5149,98,0.661,0.513,"5"
718133733,"Existing Customer",44,"F",4,"Post-Graduate","Unknown","Less than $40K","Blue",36,3,1,1,7317,1540,5777,0.616,4100,76,0.81,0.21,"5"
719584608,"Existing Customer",40,"M",4,"High School","Unknown","$40K - $60K","Blue",32,3,1,1,1438.3,0,1438.3,0.657,4215,79,0.927,0,"5"
714923583,"Attrited Customer",38,"F",2,"Graduate","Unknown","Less than $40K","Blue",36,2,3,2,2369,0,2369,0.51,1924,48,0.548,0,"5"
714811533,"Existing Customer",39,"M",2,"High School","Unknown","$60K - $80K","Blue",32,3,2,2,1715,0,1715,0.896,5910,91,0.517,0,"5"
716443608,"Existing Customer",46,"F",3,"Unknown","Unknown","Less than $40K","Blue",36,2,3,1,7199,1235,5964,0.83,4050,78,0.814,0.172,"5"
787481208,"Existing Customer",46,"F",1,"Unknown","Unknown","Less than $40K","Blue",34,1,3,1,2762,1793,969,0.901,5006,78,0.66,0.649,"5"
713809833,"Existing Customer",42,"F",3,"Graduate","Unknown","Unknown","Blue",32,2,3,2,9749,859,8890,0.584,4684,86,0.623,0.088,"5"
713542008,"Existing Customer",48,"F",3,"High School","Unknown","Less than $40K","Blue",37,1,2,3,1438.3,0,1438.3,0.584,4236,83,0.844,0,"5"
788199858,"Existing Customer",42,"F",3,"High School","Unknown","Unknown","Blue",34,1,3,1,2798,1049,1749,0.89,5758,87,0.706,0.375,"5"
780222408,"Existing Customer",49,"F",5,"Graduate","Unknown","Less than $40K","Blue",36,1,3,2,3272,2085,1187,0.417,4444,83,0.627,0.637,"5"
710840433,"Existing Customer",34,"M",1,"College","Unknown","$40K - $60K","Blue",20,2,1,3,7452,1656,5796,0.6,3339,51,0.962,0.222,"5"
712853358,"Attrited Customer",39,"F",3,"High School","Unknown","Less than $40K","Blue",36,2,3,2,1817,0,1817,0.583,2216,44,0.833,0,"5"
769662033,"Existing Customer",45,"F",2,"College","Unknown","Less than $40K","Blue",29,2,2,3,1438.3,0,1438.3,0.729,5025,85,0.735,0,"5"
714630858,"Attrited Customer",36,"F",1,"Uneducated","Unknown","Less than $40K","Blue",36,2,3,2,1470,458,1012,0.543,2383,39,0.444,0.312,"5"
779905008,"Attrited Customer",54,"F",4,"Graduate","Unknown","$40K - $60K","Blue",38,2,2,1,1779,0,1779,0.856,2660,41,0.323,0,"5"
710308983,"Existing Customer",50,"F",3,"Graduate","Unknown","Less than $40K","Blue",39,1,1,3,3287,2517,770,0.586,4148,83,0.66,0.766,"5"
712704933,"Attrited Customer",49,"F",4,"High School","Unknown","$40K - $60K","Blue",43,4,3,3,4048,0,4048,0.601,2227,41,0.464,0,"5"
708995283,"Existing Customer",50,"F",1,"Graduate","Unknown","Unknown","Blue",36,1,1,3,10417,2290,8127,1.122,4871,75,1.027,0.22,"5"
716963283,"Attrited Customer",47,"F",3,"Graduate","Unknown","Less than $40K","Blue",38,2,2,3,3165,2517,648,0.748,2751,49,1.042,0.795,"5"
779877858,"Existing Customer",53,"F",2,"College","Unknown","Less than $40K","Blue",37,2,3,2,2081,1342,739,1.06,4428,80,0.778,0.645,"5"
719572833,"Existing Customer",57,"F",3,"Graduate","Unknown","$40K - $60K","Blue",46,2,2,2,2791,1550,1241,0.672,5440,83,0.66,0.555,"5"
718896108,"Existing Customer",48,"F",3,"High School","Unknown","Less than $40K","Blue",36,2,1,1,1438.3,0,1438.3,0.885,5014,84,0.909,0,"5"
771471708,"Existing Customer",44,"F",2,"Graduate","Unknown","Less than $40K","Blue",32,2,1,3,3080,1776,1304,0.973,5097,77,0.833,0.577,"5"
781137783,"Attrited Customer",40,"M",3,"High School","Unknown","Less than $40K","Blue",33,1,3,4,2420,191,2229,0.818,2478,43,0.433,0.079,"5"
718488783,"Existing Customer",40,"M",3,"College","Unknown","$40K - $60K","Blue",30,2,2,2,4802,1701,3101,0.532,4821,66,0.65,0.354,"5"
720589008,"Existing Customer",47,"F",3,"Doctorate","Unknown","Unknown","Blue",38,1,3,2,4072,1594,2478,0.678,4317,83,0.886,0.391,"5"
713146683,"Existing Customer",35,"F",1,"High School","Unknown","Unknown","Blue",36,2,3,2,4460,0,4460,0.916,5473,79,0.756,0,"5"
712228458,"Existing Customer",50,"M",2,"Unknown","Unknown","$120K +","Blue",32,2,3,1,25645,1083,24562,0.757,4302,63,0.5,0.042,"5"
720154533,"Existing Customer",53,"F",4,"Graduate","Unknown","Less than $40K","Blue",39,2,3,2,2415,1643,772,0.964,5063,78,0.733,0.68,"5"
711683358,"Attrited Customer",46,"F",3,"High School","Unknown","Less than $40K","Blue",41,2,3,4,3313,0,3313,0.561,2135,44,0.419,0,"5"
788802483,"Existing Customer",47,"F",3,"Uneducated","Unknown","Less than $40K","Blue",29,2,2,3,2814,1595,1219,0.658,4766,87,0.582,0.567,"5"
780670083,"Attrited Customer",39,"F",2,"Unknown","Unknown","$40K - $60K","Blue",28,1,2,3,4363,0,4363,0.714,2596,48,0.846,0,"5"
789992733,"Existing Customer",50,"F",1,"Unknown","Unknown","Less than $40K","Blue",42,1,1,2,2210,1539,671,0.843,4937,75,0.974,0.696,"5"
789579033,"Existing Customer",43,"M",3,"Graduate","Unknown","$40K - $60K","Blue",36,2,3,3,4878,2098,2780,0.665,5021,84,0.68,0.43,"5"
808891983,"Existing Customer",42,"F",5,"Graduate","Unknown","Less than $40K","Blue",37,2,3,2,6250,1835,4415,0.644,4042,60,0.714,0.294,"5"
714032883,"Existing Customer",45,"M",2,"College","Unknown","$40K - $60K","Blue",36,1,1,1,4718,1591,3127,0.927,4598,80,1,0.337,"5"
789151983,"Existing Customer",43,"F",4,"Graduate","Unknown","$40K - $60K","Blue",31,2,3,3,4091,1108,2983,0.774,5244,87,0.706,0.271,"5"
814989933,"Existing Customer",45,"F",4,"College","Unknown","Less than $40K","Blue",40,1,2,1,1795,1058,737,0.778,5575,73,0.738,0.589,"5"
720165258,"Existing Customer",44,"F",2,"High School","Unknown","Less than $40K","Blue",29,2,3,1,3170,2330,840,0.858,5357,91,0.978,0.735,"5"
718437033,"Attrited Customer",46,"M",2,"Uneducated","Unknown","$60K - $80K","Blue",30,4,3,2,1438.3,681,757.3,0.731,2527,38,0.583,0.473,"5"
771214083,"Existing Customer",45,"M",2,"High School","Unknown","$60K - $80K","Blue",32,1,2,3,1870,0,1870,0.761,4891,65,0.806,0,"5"
715072533,"Existing Customer",41,"F",3,"Unknown","Unknown","$40K - $60K","Blue",36,2,6,2,4451,0,4451,0.726,4456,75,0.974,0,"5"
708672708,"Existing Customer",49,"M",4,"High School","Unknown","$80K - $120K","Blue",31,2,3,3,34516,2517,31999,0.71,3990,65,1.031,0.073,"5"
809631483,"Existing Customer",42,"M",3,"Post-Graduate","Unknown","$80K - $120K","Blue",37,1,1,3,32106,0,32106,0.678,4452,83,0.729,0,"5"
812235108,"Existing Customer",44,"F",2,"Graduate","Unknown","Less than $40K","Blue",39,2,3,3,4057,755,3302,0.873,4301,58,1.417,0.186,"5"
714695883,"Existing Customer",45,"F",5,"Uneducated","Unknown","Less than $40K","Blue",36,1,2,3,2699,1583,1116,0.648,4071,75,0.829,0.587,"5"
819634233,"Attrited Customer",46,"F",2,"Graduate","Unknown","Less than $40K","Blue",40,5,2,2,6568,0,6568,0.101,1507,33,0.222,0,"5"
716333283,"Existing Customer",58,"F",0,"Unknown","Unknown","Less than $40K","Blue",52,1,2,2,1869,1255,614,0.847,5269,80,0.633,0.671,"5"
772364358,"Existing Customer",54,"F",2,"High School","Unknown","Less than $40K","Blue",44,1,1,1,2691,811,1880,0.767,4413,80,0.633,0.301,"5"
720837708,"Existing Customer",42,"F",3,"College","Unknown","Less than $40K","Blue",28,1,2,3,5471,2517,2954,0.493,5103,94,0.679,0.46,"5"
712615008,"Existing Customer",46,"M",2,"Graduate","Unknown","$120K +","Blue",34,1,3,2,24431,892,23539,0.417,3457,66,0.571,0.037,"5"
715891533,"Existing Customer",45,"F",4,"Graduate","Unknown","Less than $40K","Blue",33,1,2,1,1979,1305,674,0.702,5458,84,0.75,0.659,"5"
716354883,"Attrited Customer",59,"F",0,"Graduate","Unknown","Unknown","Blue",49,2,3,2,9076,0,9076,0.899,3048,53,0.656,0,"5"
805229133,"Existing Customer",46,"M",3,"Unknown","Unknown","$80K - $120K","Blue",41,1,2,2,11250,0,11250,0.482,4514,70,0.591,0,"5"
789507408,"Existing Customer",48,"F",3,"College","Unknown","Unknown","Blue",40,2,6,1,2337,0,2337,0.586,5203,90,0.765,0,"5"
719671383,"Existing Customer",40,"F",3,"Uneducated","Unknown","Less than $40K","Blue",30,2,3,2,2969,0,2969,0.74,4109,70,1,0,"5"
779247483,"Attrited Customer",46,"F",1,"Uneducated","Unknown","Unknown","Blue",28,5,2,6,2069,0,2069,0.656,2754,55,0.667,0,"5"
772306383,"Attrited Customer",57,"F",3,"Unknown","Unknown","Less than $40K","Blue",43,5,3,2,1462,0,1462,0.602,2299,42,0.312,0,"5"
719299533,"Attrited Customer",55,"F",1,"Unknown","Unknown","Less than $40K","Blue",36,2,3,2,3626,795,2831,0.896,2954,42,0.556,0.219,"5"
716586408,"Existing Customer",48,"F",3,"Graduate","Unknown","Less than $40K","Blue",36,1,1,3,4850,1022,3828,0.603,4187,86,0.686,0.211,"5"
713555133,"Attrited Customer",56,"F",3,"High School","Unknown","Less than $40K","Blue",44,4,3,2,1667,595,1072,0.63,2424,40,0.481,0.357,"5"
780008358,"Attrited Customer",59,"M",0,"Uneducated","Unknown","$60K - $80K","Blue",48,2,6,2,13172,0,13172,0.876,2598,47,0.621,0,"5"
709459608,"Existing Customer",47,"F",2,"Unknown","Unknown","$40K - $60K","Blue",36,1,3,3,1811,0,1811,0.61,5390,87,0.776,0,"5"
719269308,"Existing Customer",49,"F",2,"Graduate","Unknown","Less than $40K","Blue",36,3,1,3,3252,2517,735,0.878,7418,90,0.579,0.774,"5"
720074583,"Existing Customer",42,"M",1,"Graduate","Unknown","$80K - $120K","Blue",36,2,1,2,4765,1516,3249,0.709,7380,76,0.689,0.318,"5"
713907633,"Existing Customer",43,"M",3,"College","Unknown","$60K - $80K","Blue",36,2,1,2,5397,1265,4132,0.676,7791,84,0.615,0.234,"5"
778894233,"Existing Customer",42,"M",5,"High School","Unknown","$80K - $120K","Blue",23,3,2,3,7253,0,7253,0.644,7595,83,0.804,0,"5"
721190358,"Existing Customer",49,"M",4,"Unknown","Unknown","$80K - $120K","Blue",29,2,2,2,29690,2517,27173,0.769,7640,86,0.564,0.085,"5"
718433508,"Existing Customer",40,"F",3,"Uneducated","Unknown","Less than $40K","Blue",30,2,5,2,2481,2119,362,0.801,8097,88,0.63,0.854,"5"
794124708,"Existing Customer",47,"M",2,"Graduate","Unknown","$80K - $120K","Blue",41,2,2,2,21325,2197,19128,0.647,7053,69,0.865,0.103,"5"
711203658,"Existing Customer",46,"M",3,"Graduate","Unknown","$40K - $60K","Blue",34,3,6,1,2259,1346,913,0.813,7745,88,0.517,0.596,"5"
812408058,"Existing Customer",39,"M",2,"Unknown","Unknown","$120K +","Blue",34,2,2,2,34516,1082,33434,0.629,7845,92,0.533,0.031,"5"
758382183,"Existing Customer",50,"F",3,"Graduate","Unknown","Less than $40K","Blue",43,2,3,3,4249,789,3460,0.925,8186,93,0.722,0.186,"5"
715469583,"Existing Customer",40,"F",2,"Graduate","Unknown","$40K - $60K","Blue",36,3,1,2,2136,1250,886,0.74,7782,88,0.66,0.585,"5"
712405908,"Existing Customer",50,"M",2,"High School","Unknown","$120K +","Blue",40,1,2,3,24670,1623,23047,0.791,7772,76,0.652,0.066,"5"
788907033,"Existing Customer",40,"M",2,"High School","Unknown","$80K - $120K","Blue",26,1,3,1,5238,2077,3161,0.656,7321,73,0.659,0.397,"5"
718024908,"Existing Customer",52,"F",2,"Graduate","Unknown","Less than $40K","Blue",40,2,1,3,2743,1705,1038,0.605,6993,97,0.54,0.622,"5"
708535158,"Existing Customer",39,"M",2,"Post-Graduate","Unknown","$80K - $120K","Blue",29,1,1,3,9959,1501,8458,0.822,8505,86,0.536,0.151,"5"
715624533,"Existing Customer",41,"F",3,"Unknown","Unknown","$40K - $60K","Blue",30,1,2,3,5357,1272,4085,0.708,7730,97,0.54,0.237,"5"
715037133,"Existing Customer",40,"M",3,"Doctorate","Unknown","Less than $40K","Blue",36,1,1,3,4587,1771,2816,0.647,7479,83,0.694,0.386,"5"
720903258,"Attrited Customer",48,"M",3,"Unknown","Unknown","$60K - $80K","Blue",28,2,2,1,9405,0,9405,1.033,4801,47,0.382,0,"5"
712955433,"Existing Customer",36,"F",4,"Uneducated","Unknown","$40K - $60K","Blue",16,1,2,2,4370,1222,3148,0.648,7223,90,0.552,0.28,"5"
711084183,"Existing Customer",47,"F",5,"Uneducated","Unknown","$40K - $60K","Blue",42,2,2,3,5168,2265,2903,0.715,8211,80,0.818,0.438,"5"
716098683,"Existing Customer",46,"F",5,"Graduate","Unknown","Unknown","Blue",36,2,3,1,5496,1816,3680,0.678,7985,93,0.603,0.33,"5"
718189908,"Existing Customer",44,"F",4,"Unknown","Unknown","$40K - $60K","Gold",31,2,2,3,23981,2135,21846,0.749,7885,86,0.564,0.089,"5"
718046433,"Existing Customer",53,"F",2,"Graduate","Unknown","Less than $40K","Blue",35,1,2,3,2199,693,1506,0.654,7342,86,0.483,0.315,"5"
711842508,"Existing Customer",45,"M",3,"Uneducated","Unknown","$80K - $120K","Blue",33,2,3,3,9303,1580,7723,0.877,7825,87,0.45,0.17,"5"
714417183,"Existing Customer",39,"F",1,"Uneducated","Unknown","Less than $40K","Blue",31,1,3,1,9511,2220,7291,0.712,7041,95,0.532,0.233,"5"
719623083,"Existing Customer",33,"F",1,"Doctorate","Unknown","Less than $40K","Gold",24,2,3,2,15987,1992,13995,0.739,8302,81,0.841,0.125,"5"
779435883,"Existing Customer",37,"M",3,"High School","Unknown","$80K - $120K","Blue",19,1,2,2,2273,0,2273,0.828,7899,79,0.646,0,"5"
719918358,"Existing Customer",57,"F",3,"Graduate","Unknown","Less than $40K","Blue",36,2,2,1,3082,2507,575,0.687,7787,89,0.508,0.813,"5"
778430733,"Existing Customer",45,"M",5,"High School","Unknown","$60K - $80K","Blue",25,1,5,1,12399,1461,10938,0.645,7855,82,0.414,0.118,"5"
820936533,"Existing Customer",47,"M",3,"Graduate","Unknown","Less than $40K","Blue",43,1,3,3,2781,1950,831,0.98,9331,93,0.5,0.701,"5"
712351908,"Existing Customer",45,"M",3,"High School","Unknown","$80K - $120K","Blue",34,1,2,3,26438,1655,24783,0.92,8029,81,0.723,0.063,"5"
710489583,"Existing Customer",41,"F",3,"Graduate","Unknown","Less than $40K","Blue",36,1,1,1,4941,1040,3901,0.765,7631,91,0.596,0.21,"5"
717579258,"Attrited Customer",36,"M",1,"Unknown","Unknown","$40K - $60K","Blue",36,2,3,3,6893,1462,5431,1.031,4782,50,0.351,0.212,"5"
778439883,"Existing Customer",50,"M",1,"High School","Unknown","$80K - $120K","Blue",31,1,2,2,26840,769,26071,0.609,7969,93,0.661,0.029,"5"
771411408,"Attrited Customer",50,"M",1,"Post-Graduate","Unknown","$80K - $120K","Blue",38,2,3,4,2673,0,2673,1.043,4929,54,0.459,0,"5"
751974258,"Existing Customer",51,"M",3,"Unknown","Unknown","$120K +","Blue",44,2,2,3,11954,0,11954,0.779,7345,93,0.55,0,"5"
720809358,"Existing Customer",39,"M",1,"College","Unknown","$40K - $60K","Blue",32,1,1,3,4874,2317,2557,0.854,7776,98,0.782,0.475,"5"
714054408,"Existing Customer",50,"M",3,"College","Unknown","$60K - $80K","Blue",42,1,2,3,12889,1822,11067,0.88,8272,79,0.837,0.141,"5"
791730183,"Attrited Customer",38,"F",2,"College","Unknown","Less than $40K","Blue",32,2,2,6,7385,1817,5568,1.029,5070,50,0.389,0.246,"5"
715459158,"Existing Customer",35,"F",4,"High School","Unknown","Unknown","Blue",26,2,1,2,16950,0,16950,0.625,7821,97,0.672,0,"5"
718388733,"Existing Customer",38,"F",1,"College","Unknown","Less than $40K","Blue",32,2,3,3,2609,1259,1350,0.871,8677,96,0.627,0.483,"5"
757863258,"Existing Customer",45,"F",4,"Graduate","Unknown","Less than $40K","Blue",38,2,2,1,2396,887,1509,0.604,7480,84,0.787,0.37,"5"
814760358,"Existing Customer",53,"M",3,"Graduate","Unknown","$40K - $60K","Blue",48,2,2,2,14627,1997,12630,0.718,7766,82,0.745,0.137,"5"
768733533,"Existing Customer",53,"M",5,"Uneducated","Unknown","$80K - $120K","Blue",47,2,3,2,2340,1612,728,0.696,8851,88,0.833,0.689,"5"
712009083,"Existing Customer",48,"M",3,"Unknown","Unknown","$60K - $80K","Blue",36,2,1,2,8290,1030,7260,0.87,8980,93,0.755,0.124,"5"
720178158,"Attrited Customer",46,"F",4,"High School","Unknown","Less than $40K","Blue",37,5,3,3,7552,0,7552,1.047,5537,63,0.853,0,"5"
780384483,"Attrited Customer",49,"M",4,"Unknown","Unknown","$80K - $120K","Blue",39,2,2,2,2886,925,1961,0.946,5481,58,0.758,0.321,"5"
790168083,"Existing Customer",51,"M",0,"High School","Unknown","$80K - $120K","Blue",44,2,2,3,22741,2176,20565,0.689,8438,100,0.887,0.096,"5"
708697983,"Existing Customer",56,"M",0,"High School","Unknown","$120K +","Blue",49,2,2,2,34516,2156,32360,0.698,8766,78,0.814,0.062,"5"
815582358,"Existing Customer",47,"F",5,"Unknown","Unknown","Less than $40K","Blue",42,2,1,2,2519,1584,935,0.76,8852,95,0.759,0.629,"5"
718993533,"Existing Customer",44,"M",2,"Graduate","Unknown","$80K - $120K","Blue",37,2,3,0,15821,1334,14487,0.81,8927,103,0.635,0.084,"5"
713552958,"Existing Customer",43,"M",5,"Graduate","Unknown","$60K - $80K","Blue",28,1,3,1,12773,1637,11136,0.919,14833,114,0.583,0.128,"5"
714449283,"Existing Customer",44,"M",4,"Uneducated","Unknown","$80K - $120K","Blue",36,1,3,1,25428,1528,23900,0.725,13360,97,0.796,0.06,"5"
709764483,"Attrited Customer",61,"M",1,"Graduate","Unknown","$60K - $80K","Blue",53,1,1,2,6157,581,5576,0.583,4041,65,0.548,0.094,"5"
717942033,"Existing Customer",52,"M",2,"Uneducated","Unknown","$120K +","Blue",42,1,1,3,33552,1252,32300,0.793,14490,98,0.815,0.037,"5"
826061508,"Existing Customer",49,"F",4,"Uneducated","Unknown","Less than $40K","Blue",45,1,3,1,5975,2045,3930,0.847,13090,102,0.672,0.342,"5"
768181608,"Existing Customer",43,"F",3,"Graduate","Unknown","Less than $40K","Blue",37,2,3,3,3461,1767,1694,0.829,13179,122,0.694,0.511,"5"
718764708,"Existing Customer",45,"M",3,"Graduate","Unknown","$120K +","Blue",36,1,4,3,8858,1359,7499,0.741,14223,103,0.776,0.153,"5"
715830558,"Attrited Customer",50,"M",2,"Uneducated","Unknown","$120K +","Blue",38,6,2,1,34516,397,34119,0.914,7454,81,0.841,0.012,"5"
789866133,"Existing Customer",45,"F",3,"Graduate","Unknown","$40K - $60K","Blue",35,2,3,2,4318,2359,1959,0.993,12867,118,0.573,0.546,"5"
718634058,"Existing Customer",48,"F",2,"High School","Unknown","Unknown","Blue",31,2,2,1,7660,764,6896,0.877,14844,100,0.695,0.1,"5"
715832058,"Existing Customer",40,"F",5,"Graduate","Unknown","Less than $40K","Blue",36,2,2,3,4512,1172,3340,0.706,14414,98,0.815,0.26,"5"
771069033,"Existing Customer",56,"M",1,"Unknown","Unknown","$60K - $80K","Blue",43,2,2,3,10602,1083,9519,0.656,14084,91,0.75,0.102,"5"
821241708,"Attrited Customer",47,"M",4,"Unknown","Unknown","$80K - $120K","Blue",42,1,4,1,7953,0,7953,1.031,8670,74,0.574,0,"5"
715728108,"Existing Customer",27,"F",0,"Graduate","Unknown","Less than $40K","Blue",36,1,1,2,4548,1450,3098,0.844,14330,131,0.638,0.319,"5"
816310158,"Existing Customer",49,"M",4,"Uneducated","Unknown","$60K - $80K","Blue",44,1,3,2,12375,2263,10112,1.044,14500,106,0.582,0.183,"5"
708152358,"Attrited Customer",54,"M",1,"Post-Graduate","Unknown","$80K - $120K","Blue",36,1,3,2,18512,1664,16848,0.889,8019,57,0.583,0.09,"5"
710775483,"Existing Customer",53,"M",1,"High School","Unknown","$40K - $60K","Blue",43,2,1,3,9060,0,9060,0.775,14305,102,0.645,0,"5"
709410033,"Existing Customer",56,"M",2,"High School","Unknown","$80K - $120K","Blue",36,1,1,1,4731,831,3900,0.96,14952,118,0.788,0.176,"5"
713550483,"Existing Customer",45,"M",4,"Graduate","Unknown","$60K - $80K","Blue",33,1,5,1,8670,1930,6740,0.933,13767,96,0.655,0.223,"5"
713895633,"Existing Customer",56,"F",1,"High School","Unknown","$40K - $60K","Blue",36,2,1,3,8331,0,8331,0.705,14324,103,0.689,0,"5"
714003483,"Existing Customer",37,"M",1,"Doctorate","Unknown","$60K - $80K","Blue",36,1,3,1,7539,0,7539,1.023,15293,129,0.743,0,"5"
711422358,"Existing Customer",42,"M",5,"Post-Graduate","Unknown","$40K - $60K","Blue",36,1,2,2,10531,2330,8201,0.757,14955,118,0.662,0.221,"5"
710155158,"Attrited Customer",37,"M",2,"Uneducated","Unknown","$80K - $120K","Blue",18,1,1,2,31832,518,31314,0.972,10201,59,0.788,0.016,"5"
715742658,"Existing Customer",41,"F",3,"Graduate","Unknown","Less than $40K","Blue",13,1,3,2,6077,1421,4656,0.739,12489,97,0.764,0.234,"5"
709823733,"Attrited Customer",44,"F",2,"Graduate","Unknown","$40K - $60K","Blue",34,2,3,3,5508,0,5508,0.89,7507,78,0.733,0,"5"
771244383,"Existing Customer",52,"F",1,"College","Unknown","Less than $40K","Blue",39,1,2,1,8506,0,8506,0.719,14289,113,0.638,0,"5"
798783858,"Existing Customer",48,"F",3,"Unknown","Unknown","$40K - $60K","Blue",42,2,1,1,9742,2517,7225,0.692,13082,92,0.804,0.258,"5"
709383933,"Attrited Customer",31,"M",2,"Unknown","Unknown","$80K - $120K","Blue",18,2,1,3,4246,2517,1729,0.951,8102,66,0.886,0.593,"5"
715076358,"Attrited Customer",57,"M",1,"Post-Graduate","Unknown","$80K - $120K","Blue",36,4,3,3,23714,0,23714,0.981,8463,62,0.824,0,"5"
717724233,"Existing Customer",43,"M",3,"Unknown","Unknown","$80K - $120K","Blue",28,2,1,3,9959,734,9225,0.86,16732,116,0.812,0.074,"5"
718579833,"Existing Customer",39,"F",3,"Graduate","Unknown","Less than $40K","Blue",26,2,2,1,5325,2488,2837,0.926,13674,101,0.836,0.467,"5"
789817833,"Attrited Customer",44,"F",5,"Post-Graduate","Unknown","Less than $40K","Blue",33,3,3,2,9073,2466,6607,0.446,6793,60,1.069,0.272,"5"
721107258,"Existing Customer",45,"F",5,"Unknown","Unknown","Less than $40K","Blue",37,2,2,2,5465,1967,3498,0.644,14192,115,0.667,0.36,"5"
718042383,"Existing Customer",38,"M",1,"Uneducated","Unknown","$40K - $60K","Blue",18,3,3,3,3523,1379,2144,0.71,15108,118,0.71,0.391,"5"
806649333,"Existing Customer",47,"F",4,"High School","Unknown","Unknown","Blue",42,3,3,2,16998,1404,15594,0.785,13977,127,0.693,0.083,"5"
709247808,"Existing Customer",53,"F",1,"Unknown","Unknown","Less than $40K","Blue",43,2,2,2,3629,2517,1112,0.735,14205,102,0.759,0.694,"5"
708197358,"Attrited Customer",57,"M",2,"Uneducated","Unknown","$80K - $120K","Blue",48,4,1,3,30543,264,30279,0.882,7784,63,0.703,0.009,"5"
709657533,"Attrited Customer",44,"M",3,"High School","Unknown","$120K +","Blue",36,2,3,2,7793,2270,5523,0.945,8260,54,0.5,0.291,"5"
711863433,"Existing Customer",30,"M",1,"Unknown","Unknown","Less than $40K","Blue",13,1,3,1,3789,1782,2007,0.85,15670,116,0.785,0.47,"5"
708694983,"Existing Customer",55,"F",1,"Uneducated","Unknown","Less than $40K","Blue",36,1,2,1,3150,2222,928,0.794,14750,96,0.655,0.705,"5"
715554708,"Existing Customer",53,"M",1,"High School","Unknown","$120K +","Blue",34,2,1,2,8507,1484,7023,0.709,14949,114,0.727,0.174,"5"
719799033,"Existing Customer",52,"M",1,"Post-Graduate","Unknown","$80K - $120K","Blue",40,2,1,2,5520,2448,3072,0.862,14330,116,0.681,0.443,"5"
720788883,"Existing Customer",58,"F",0,"Uneducated","Unknown","Unknown","Blue",36,1,2,3,3736,2209,1527,0.98,15886,118,0.662,0.591,"5"
720163458,"Existing Customer",38,"M",1,"Uneducated","Unknown","$120K +","Blue",21,4,2,3,28043,1786,26257,0.802,14521,109,0.847,0.064,"5"
779055033,"Attrited Customer",43,"F",3,"Uneducated","Unknown","Less than $40K","Blue",24,1,2,2,8256,2416,5840,0.696,8104,64,0.73,0.293,"5"
720385608,"Existing Customer",45,"M",3,"College","Unknown","$80K - $120K","Blue",31,2,1,4,20958,1936,19022,0.772,14314,99,0.768,0.092,"5"
772596783,"Existing Customer",31,"M",1,"Graduate","Unknown","Less than $40K","Gold",21,3,2,2,15261,1109,14152,0.655,15442,125,0.761,0.073,"5"
719329983,"Existing Customer",42,"F",3,"Unknown","Unknown","Unknown","Blue",36,6,1,2,15648,0,15648,0.731,13784,88,0.913,0,"5"
710190858,"Existing Customer",28,"M",1,"Unknown","Unknown","$40K - $60K","Blue",15,5,2,4,9283,2288,6995,0.928,13804,110,0.719,0.246,"5"
818987958,"Existing Customer",43,"M",4,"Graduate","Unknown","$40K - $60K","Blue",38,5,1,3,3771,0,3771,0.675,14662,125,0.667,0,"5"
824160333,"Existing Customer",56,"M",2,"High School","Unknown","$120K +","Blue",52,6,2,2,23362,1453,21909,0.848,15399,116,0.841,0.062,"5"
708964683,"Existing Customer",48,"F",4,"College","Unknown","Unknown","Blue",36,3,2,1,3310,0,3310,0.748,14542,89,0.854,0,"5"
715020933,"Attrited Customer",44,"F",4,"High School","Unknown","Unknown","Blue",34,4,3,4,15944,0,15944,0.919,9360,67,0.763,0,"5"
766273533,"Existing Customer",53,"M",2,"Uneducated","Unknown","$80K - $120K","Blue",46,3,6,3,17190,1736,15454,0.698,15055,117,0.696,0.101,"5"
718372458,"Existing Customer",42,"M",2,"Graduate","Unknown","$40K - $60K","Blue",30,3,2,5,3735,1723,2012,0.595,14501,92,0.84,0.461,"5"
713755458,"Attrited Customer",50,"M",1,"Unknown","Unknown","$80K - $120K","Blue",36,6,3,4,9959,952,9007,0.825,10310,63,1.1,0.096,"5"
717406983,"Attrited Customer",30,"M",2,"Graduate","Unknown","$40K - $60K","Blue",36,4,3,3,5281,0,5281,0.535,8395,62,0.722,0,"5"
